sl_id,apply_date,customer_id,reference,amount
S000001,2026-01-02,C058,INV-10059,3604.79
S000002,2026-01-02,C028,INV-10028,4627.41
S000003,2026-01-02,C055,INV-10018,4735.39
S000004,2026-01-02,C009,INV-10946,2517.78
S000005,2026-01-02,C029,INV-11271,476.24
S000006,2026-01-02,C023,INV-10656,4744.76
S000007,2026-01-03,C019,INV-11172,1500.0
S000008,2026-01-03,C035,INV-10579,5380.67
S000009,2026-01-03,C013,INV-10885,5589.46
S000010,2026-01-03,C006,INV-10554,5000.0
S000011,2026-01-03,C024,INV-10895,3169.51
S000012,2026-01-03,C015,INV-10266,1215.3
S000013,2026-01-03,C023,,12115.65
S000014,2026-01-03,C017,INV-10601,690.43
S000015,2026-01-03,C009,INV-10323,2530.31
S000016,2026-01-03,C042,INV-10365,8848.43
S000017,2026-01-03,C032,INV-10430,3170.77
S000018,2026-01-03,C017,INV-11072,4035.08
S000019,2026-01-03,C009,INV-10672,7245.69
S000020,2026-01-03,C045,INV-11385,6720.32
S000021,2026-01-03,C002,INV-10364,1984.59
S000022,2026-01-03,C010,INV-10836,1372.94
S000023,2026-01-03,C049,INV-11026,2729.12
S000024,2026-01-04,C049,INV-11263,7981.41
S000025,2026-01-04,C041,INV-10764,2073.3
S000026,2026-01-04,C049,INV-10807,1807.27
S000027,2026-01-04,C037,INV-11323,2758.55
S000028,2026-01-04,C025,INV-11456,4690.88
S000029,2026-01-04,C042,INV-10377,1389.95
S000030,2026-01-04,C034,INV-10490,2630.66
S000031,2026-01-04,C057,INV-11059,1827.35
S000032,2026-01-04,C056,INV-11479,1303.54
S000033,2026-01-04,C022,INV-10322,2465.17
S000034,2026-01-04,C038,INV-11110,1228.69
S000035,2026-01-04,C045,INV-10802,5214.72
S000036,2026-01-05,C008,INV-10757,453.66
S000037,2026-01-05,C036,INV-10503,598.65
S000038,2026-01-05,C031,INV-10650,6280.51
S000039,2026-01-05,C015,INV-11025,4914.03
S000040,2026-01-05,C060,INV-11049,4679.59
S000041,2026-01-05,C034,INV-11111,3336.93
S000042,2026-01-05,C043,INV-10251,4918.12
S000043,2026-01-05,C044,INV-11497,4568.15
S000044,2026-01-05,C016,INV-10884,3883.51
S000045,2026-01-05,C021,INV-11407,1213.28
S000046,2026-01-05,C055,INV-10596,1886.2
S000047,2026-01-05,C028,INV-10171,8789.53
S000048,2026-01-05,C052,INV-10294,10233.52
S000049,2026-01-05,C044,INV-10228,2404.77
S000050,2026-01-05,C032,INV-10358,8006.79
S000051,2026-01-05,C041,INV-11146,6628.38
S000052,2026-01-05,C057,INV-11170,940.76
S000053,2026-01-05,C021,INV-10719,484.54
S000054,2026-01-05,C054,INV-10067,2609.98
S000055,2026-01-05,C007,INV-11202,1000.0
S000056,2026-01-05,C032,INV-10460,7020.97
S000057,2026-01-06,C060,INV-11213,1593.55
S000058,2026-01-06,C037,INV-10625,5244.79
S000059,2026-01-06,C021,INV-11368,1716.71
S000060,2026-01-06,C010,INV-11322,36701.65
S000061,2026-01-06,C009,INV-11446,646.53
S000062,2026-01-06,C020,INV-10948,9831.99
S000063,2026-01-06,C035,INV-10910,5760.77
S000064,2026-01-06,C053,INV-10353,1888.35
S000065,2026-01-06,C026,INV-10346,8877.0
S000066,2026-01-06,C012,INV-10727,3301.25
S000067,2026-01-06,C015,,1298.24
S000068,2026-01-06,C021,INV-10568,2385.75
S000069,2026-01-06,C010,INV-11334,1173.51
S000070,2026-01-06,C056,INV-10896,2443.58
S000071,2026-01-06,C027,INV-11309,1191.9
S000072,2026-01-06,C039,INV-11410,2351.88
S000073,2026-01-06,C012,INV-11169,480.31
S000074,2026-01-06,C013,INV-10945,470.89
S000075,2026-01-06,C027,INV-10698,6306.75
S000076,2026-01-06,C009,INV-10192,3840.75
S000077,2026-01-06,C038,INV-10499,3825.52
S000078,2026-01-06,C027,INV-10083,1530.16
S000079,2026-01-06,C025,INV-10902,7668.92
S000080,2026-01-07,C052,INV-10232,8077.27
S000081,2026-01-07,C030,INV-10116,3352.41
S000082,2026-01-07,C057,INV-10931,4344.14
S000083,2026-01-07,C043,INV-10759,2884.07
S000084,2026-01-07,C018,INV-10540,12095.16
S000085,2026-01-07,C006,INV-11079,3068.6
S000086,2026-01-07,C017,INV-10683,2123.73
S000087,2026-01-07,C039,INV-11182,944.52
S000088,2026-01-07,C041,INV-10307,2255.52
S000089,2026-01-07,C030,INV-10026,750.0
S000090,2026-01-07,C002,INV-10091,1139.97
S000091,2026-01-07,C004,INV-10776,3495.07
S000092,2026-01-07,C058,INV-11005,956.18
S000093,2026-01-08,C049,INV-11232,6716.24
S000094,2026-01-08,C042,INV-10787,4616.74
S000095,2026-01-08,C013,INV-11353,1135.84
S000096,2026-01-08,C044,INV-10351,5347.53
S000097,2026-01-08,C041,INV-11343,5274.98
S000098,2026-01-08,C042,INV-10572,2111.16
S000099,2026-01-08,C012,INV-11354,8605.69
S000100,2026-01-08,C057,INV-10041,4946.77
S000101,2026-01-08,C021,INV-10496,949.39
S000102,2026-01-08,C053,INV-10706,352.52
S000103,2026-01-08,C051,INV-11243,2715.3
S000104,2026-01-08,C043,INV-10466,3702.49
S000105,2026-01-08,C001,INV-11326,3599.66
S000106,2026-01-09,C011,INV-11421,4126.7
S000107,2026-01-09,C015,INV-10349,3516.17
S000108,2026-01-09,C049,INV-10574,8895.94
S000109,2026-01-09,C022,INV-10721,8441.92
S000110,2026-01-09,C051,INV-10990,3493.22
S000111,2026-01-09,C041,INV-11132,2956.66
S000112,2026-01-09,C028,INV-10969,6398.23
S000113,2026-01-09,C057,INV-10250,1903.8
S000114,2026-01-09,C010,INV-10926,3357.79
S000115,2026-01-09,C002,INV-10992,7249.21
S000116,2026-01-09,C034,INV-10746,2104.25
S000117,2026-01-09,C059,INV-10162,2000.0
S000118,2026-01-09,C006,INV-10752,936.96
S000119,2026-01-09,C051,INV-10373,500.0
S000120,2026-01-09,C019,INV-10275,3161.59
S000121,2026-01-10,C044,INV-10782,2934.65
S000122,2026-01-10,C013,INV-10519,2745.06
S000123,2026-01-10,C057,INV-10210,4158.94
S000124,2026-01-10,C051,INV-11151,4533.54
S000125,2026-01-10,C010,INV-10655,1342.23
S000126,2026-01-10,C034,INV-10634,4659.35
S000127,2026-01-10,C043,INV-11114,1298.28
S000128,2026-01-10,C046,INV-10846,5009.23
S000129,2026-01-10,C003,INV-10227,9648.62
S000130,2026-01-10,C010,INV-10705,1208.0
S000131,2026-01-10,C035,INV-10106,3776.52
S000132,2026-01-10,C043,INV-10883,9069.42
S000133,2026-01-10,C004,INV-10713,1283.5
S000134,2026-01-10,C003,,3231.8
S000135,2026-01-10,C009,INV-11261,12527.76
S000136,2026-01-10,C007,INV-11188,4147.68
S000137,2026-01-10,C037,INV-10225,5545.08
S000138,2026-01-10,C021,INV-10906,7687.96
S000139,2026-01-10,C056,INV-11365,1837.84
S000140,2026-01-10,C007,INV-11136,8199.96
S000141,2026-01-10,C009,INV-10048,1568.12
S000142,2026-01-10,C007,INV-10905,10960.17
S000143,2026-01-10,C024,INV-10508,2840.97
S000144,2026-01-11,C040,INV-11166,8764.43
S000145,2026-01-11,C056,INV-10403,6012.27
S000146,2026-01-11,C057,INV-11463,1511.98
S000147,2026-01-11,C039,INV-10597,2952.83
S000148,2026-01-11,C032,INV-10681,13557.73
S000149,2026-01-11,C041,INV-11495,5514.95
S000150,2026-01-11,C038,INV-10921,3537.31
S000151,2026-01-11,C034,INV-10602,48000.0
S000152,2026-01-11,C019,INV-10483,700.85
S000153,2026-01-11,C022,INV-10686,9324.83
S000154,2026-01-11,C007,INV-10046,1937.11
S000155,2026-01-11,C024,INV-10394,3609.9
S000156,2026-01-11,C060,INV-10550,4154.48
S000157,2026-01-11,C054,INV-11125,4850.79
S000158,2026-01-11,C057,INV-10814,5562.2
S000159,2026-01-11,C005,INV-10894,1168.32
S000160,2026-01-11,C007,INV-10419,11681.26
S000161,2026-01-11,C044,INV-11386,3090.91
S000162,2026-01-11,C006,INV-10109,3250.32
S000163,2026-01-11,C016,INV-11331,500.0
S000164,2026-01-12,C033,INV-10053,9706.18
S000165,2026-01-12,C019,INV-10450,3534.96
S000166,2026-01-12,C019,INV-11063,5495.96
S000167,2026-01-12,C011,INV-10576,8826.6
S000168,2026-01-12,C031,INV-10880,5227.54
S000169,2026-01-12,C025,INV-11022,2736.55
S000170,2026-01-12,C009,INV-10709,5000.0
S000171,2026-01-12,C037,INV-10408,1626.13
S000172,2026-01-12,C047,INV-11045,2390.65
S000173,2026-01-12,C035,INV-10955,459.67
S000174,2026-01-12,C034,INV-10214,40115.5
S000175,2026-01-12,C047,INV-10616,5153.23
S000176,2026-01-12,C039,INV-11060,7341.38
S000177,2026-01-12,C015,INV-11209,2544.68
S000178,2026-01-12,C045,INV-10461,6615.78
S000179,2026-01-12,C043,INV-10060,1500.0
S000180,2026-01-12,C030,INV-10957,2500.0
S000181,2026-01-12,C002,INV-10678,3960.66
S000182,2026-01-12,C021,INV-10653,5250.55
S000183,2026-01-12,C029,INV-10019,4068.25
S000184,2026-01-12,C040,INV-11404,15078.57
S000185,2026-01-12,C056,INV-10737,2251.37
S000186,2026-01-12,C060,INV-11408,750.0
S000187,2026-01-13,C018,INV-11304,2928.67
S000188,2026-01-13,C021,INV-10247,500.0
S000189,2026-01-13,C028,INV-10887,2000.0
S000190,2026-01-13,C040,INV-10010,1147.59
S000191,2026-01-13,C017,INV-11291,1759.43
S000192,2026-01-13,C035,INV-10272,7597.44
S000193,2026-01-13,C046,INV-10613,783.92
S000194,2026-01-13,C015,INV-10396,2000.0
S000195,2026-01-13,C015,INV-10529,4550.74
S000196,2026-01-13,C003,INV-10355,2207.91
S000197,2026-01-13,C048,INV-10801,2639.86
S000198,2026-01-13,C059,INV-11201,3871.34
S000199,2026-01-13,C044,INV-10588,3534.27
S000200,2026-01-13,C056,INV-11242,627.25
S000201,2026-01-13,C054,INV-10190,5735.67
S000202,2026-01-13,C049,INV-11477,10546.38
S000203,2026-01-13,C020,INV-10297,500.0
S000204,2026-01-13,C054,INV-11004,6905.84
S000205,2026-01-13,C009,INV-10972,2305.17
S000206,2026-01-13,C016,INV-10305,4090.74
S000207,2026-01-13,C039,,3294.6
S000208,2026-01-13,C011,,1354.03
S000209,2026-01-14,C018,INV-11033,2500.0
S000210,2026-01-14,C015,INV-11003,3767.21
S000211,2026-01-14,C011,INV-11173,1123.02
S000212,2026-01-14,C041,INV-10704,9350.24
S000213,2026-01-14,C023,INV-10146,1253.23
S000214,2026-01-14,C058,INV-11197,1710.11
S000215,2026-01-14,C034,INV-10269,6171.84
S000216,2026-01-14,C060,INV-11366,1817.6
S000217,2026-01-14,C050,INV-10976,750.0
S000218,2026-01-14,C025,INV-11058,3074.55
S000219,2026-01-14,C022,INV-10072,1084.07
S000220,2026-01-14,C003,INV-10501,1000.0
S000221,2026-01-14,C026,INV-10379,5515.96
S000222,2026-01-14,C041,INV-10495,4574.25
S000223,2026-01-14,C007,INV-11371,5715.91
S000224,2026-01-14,C046,INV-10893,11097.14
S000225,2026-01-14,C019,INV-10421,13712.91
S000226,2026-01-14,C041,INV-10937,1611.84
S000227,2026-01-14,C046,INV-11342,3358.61
S000228,2026-01-14,C020,INV-11376,652.0
S000229,2026-01-14,C032,INV-11070,1000.0
S000230,2026-01-14,C021,INV-11401,1039.77
S000231,2026-01-14,C056,INV-10595,3309.03
S000232,2026-01-15,C036,INV-11083,1000.0
S000233,2026-01-15,C011,INV-11250,8808.26
S000234,2026-01-15,C056,,2500.0
S000235,2026-01-15,C015,INV-10380,5000.0
S000236,2026-01-15,C031,INV-11120,2800.75
S000237,2026-01-15,C027,INV-10868,16088.16
S000238,2026-01-15,C010,INV-11485,628.9
S000239,2026-01-15,C008,INV-10218,3807.66
S000240,2026-01-15,C032,INV-11363,2303.04
S000241,2026-01-15,C013,INV-11200,750.0
S000242,2026-01-15,C020,INV-10571,3509.41
S000243,2026-01-15,C052,INV-11094,829.07
S000244,2026-01-15,C009,INV-11302,2122.53
S000245,2026-01-15,C018,INV-11074,500.0
S000246,2026-01-15,C043,INV-10274,12531.73
S000247,2026-01-15,C039,INV-10296,1460.91
S000248,2026-01-16,C018,INV-11106,1277.1
S000249,2026-01-16,C033,INV-10542,4300.29
S000250,2026-01-16,C052,INV-10124,806.95
S000251,2026-01-16,C041,,1969.09
S000252,2026-01-16,C057,INV-10742,10488.32
S000253,2026-01-16,C012,INV-10309,2505.89
S000254,2026-01-16,C035,INV-10535,2170.47
S000255,2026-01-16,C018,INV-10220,1430.99
S000256,2026-01-16,C020,INV-10152,1897.55
S000257,2026-01-16,C024,INV-11258,2386.96
S000258,2026-01-16,C036,INV-10603,2612.38
S000259,2026-01-16,C058,INV-10879,2407.46
S000260,2026-01-16,C021,INV-10513,4547.73
S000261,2026-01-16,C024,INV-11031,890.09
S000262,2026-01-16,C055,INV-11394,2984.79
S000263,2026-01-17,C022,INV-11245,459.66
S000264,2026-01-17,C016,INV-10385,9853.72
S000265,2026-01-17,C010,,2423.06
S000266,2026-01-17,C054,INV-10487,2000.0
S000267,2026-01-17,C017,INV-11482,1833.27
S000268,2026-01-17,C007,INV-11028,6407.89
S000269,2026-01-17,C007,INV-10555,13390.67
S000270,2026-01-17,C008,INV-11135,1493.44
S000271,2026-01-17,C008,INV-10750,1500.0
S000272,2026-01-17,C012,INV-10739,9646.37
S000273,2026-01-17,C055,INV-11468,4363.59
S000274,2026-01-17,C042,INV-10953,17900.17
S000275,2026-01-17,C008,INV-10977,894.04
S000276,2026-01-17,C039,INV-11358,6549.25
S000277,2026-01-17,C045,INV-11167,11293.4
S000278,2026-01-17,C044,INV-10003,1472.65
S000279,2026-01-17,C042,INV-10216,5555.67
S000280,2026-01-17,C002,INV-10607,6816.52
S000281,2026-01-17,C048,INV-10935,6549.61
S000282,2026-01-18,C049,INV-10465,3477.35
S000283,2026-01-18,C058,INV-10548,120.0
S000284,2026-01-18,C043,INV-11253,1500.0
S000285,2026-01-18,C046,INV-10097,3911.66
S000286,2026-01-18,C054,INV-11416,1170.65
S000287,2026-01-18,C024,INV-10486,4750.47
S000288,2026-01-18,C027,INV-11288,14561.46
S000289,2026-01-18,C001,INV-11312,3120.32
S000290,2026-01-18,C053,INV-10084,4797.67
S000291,2026-01-18,C016,INV-10975,11748.95
S000292,2026-01-18,C033,INV-11095,2480.93
S000293,2026-01-18,C025,INV-10332,6181.09
S000294,2026-01-18,C005,INV-10580,1515.06
S000295,2026-01-18,C050,INV-11168,2759.27
S000296,2026-01-19,C019,INV-10642,500.0
S000297,2026-01-19,C046,INV-10406,11984.5
S000298,2026-01-19,C042,INV-10953,17900.17
S000299,2026-01-19,C021,INV-11461,5868.3
S000300,2026-01-19,C053,INV-10949,3690.47
S000301,2026-01-19,C057,INV-11290,4606.74
S000302,2026-01-19,C016,INV-11069,3559.66
S000303,2026-01-19,C051,INV-10805,11671.5
S000304,2026-01-19,C037,INV-10261,5386.77
S000305,2026-01-19,C052,INV-11356,1307.67
S000306,2026-01-19,C003,INV-11378,4810.82
S000307,2026-01-19,C004,INV-10993,9667.11
S000308,2026-01-19,C022,INV-10528,1146.84
S000309,2026-01-19,C023,INV-10723,582.34
S000310,2026-01-19,C004,INV-10993,9667.11
S000311,2026-01-20,C041,INV-11247,2525.36
S000312,2026-01-20,C013,INV-10738,2280.88
S000313,2026-01-20,C039,INV-11426,5000.0
S000314,2026-01-20,C032,INV-10989,25585.12
S000315,2026-01-20,C007,INV-10463,1177.4
S000316,2026-01-20,C049,INV-10126,8301.63
S000317,2026-01-20,C026,INV-10131,6352.32
S000318,2026-01-20,C015,INV-10136,2018.38
S000319,2026-01-20,C036,INV-10327,5955.08
S000320,2026-01-20,C007,INV-10520,4970.88
S000321,2026-01-20,C023,INV-10045,3473.17
S000322,2026-01-20,C019,INV-10628,4629.0
S000323,2026-01-20,C054,INV-10670,899.58
S000324,2026-01-20,C024,INV-11453,4723.2
S000325,2026-01-20,C048,INV-10122,3177.32
S000326,2026-01-20,C051,INV-11391,1744.31
S000327,2026-01-21,C037,INV-10387,1742.9
S000328,2026-01-21,C012,INV-10924,1972.41
S000329,2026-01-21,C001,INV-10577,3369.69
S000330,2026-01-21,C057,INV-11448,4009.04
S000331,2026-01-21,C030,INV-10647,9425.57
S000332,2026-01-21,C003,INV-10484,5000.0
S000333,2026-01-21,C059,INV-10110,1904.4
S000334,2026-01-21,C047,INV-11400,2636.67
S000335,2026-01-21,C034,INV-11119,2218.66
S000336,2026-01-21,C003,INV-11159,2444.43
S000337,2026-01-21,C003,INV-11266,5326.64
S000338,2026-01-21,C025,INV-11211,873.79
S000339,2026-01-21,C025,INV-10897,2638.51
S000340,2026-01-21,C033,INV-11318,1025.38
S000341,2026-01-21,C035,INV-10418,307.73
S000342,2026-01-22,C022,INV-10687,3407.84
S000343,2026-01-22,C013,INV-11387,2000.0
S000344,2026-01-22,C048,INV-10909,1577.39
S000345,2026-01-22,C019,INV-11498,969.86
S000346,2026-01-22,C023,INV-10197,3162.95
S000347,2026-01-22,C032,INV-11362,5321.68
S000348,2026-01-22,C049,INV-11175,780.98
S000349,2026-01-22,C048,INV-10641,1476.78
S000350,2026-01-22,C013,INV-11276,2228.56
S000351,2026-01-22,C053,INV-10956,2588.04
S000352,2026-01-22,C022,INV-10913,2500.0
S000353,2026-01-22,C059,INV-11050,5108.19
S000354,2026-01-22,C056,INV-10667,1070.48
S000355,2026-01-22,C011,INV-11483,2000.0
S000356,2026-01-22,C052,INV-10390,1070.59
S000357,2026-01-22,C009,INV-10684,16723.23
S000358,2026-01-22,C048,INV-10049,835.48
S000359,2026-01-22,C007,INV-10689,3366.92
S000360,2026-01-22,C039,INV-11082,1486.18
S000361,2026-01-22,C057,INV-10701,3133.78
S000362,2026-01-23,C045,INV-10102,1667.36
S000363,2026-01-23,C017,INV-10903,2265.35
S000364,2026-01-23,C002,INV-10740,8049.26
S000365,2026-01-23,C039,INV-10940,1674.67
S000366,2026-01-23,C034,INV-11455,3031.1
S000367,2026-01-23,C051,INV-10475,5185.25
S000368,2026-01-23,C050,INV-11020,2134.38
S000369,2026-01-23,C033,INV-10470,3223.94
S000370,2026-01-23,C047,INV-10600,5439.8
S000371,2026-01-23,C001,INV-11096,3329.91
S000372,2026-01-23,C033,,4670.91
S000373,2026-01-23,C039,INV-10444,11719.16
S000374,2026-01-23,C041,INV-11372,1041.4
S000375,2026-01-23,C059,INV-10673,3285.87
S000376,2026-01-23,C040,INV-10061,5796.1
S000377,2026-01-24,C022,INV-10457,3120.13
S000378,2026-01-24,C028,INV-10872,1000.0
S000379,2026-01-24,C051,INV-10208,3036.12
S000380,2026-01-24,C059,INV-10479,5063.15
S000381,2026-01-24,C027,INV-10258,4952.02
S000382,2026-01-24,C022,INV-10546,1706.32
S000383,2026-01-24,C007,INV-11187,4839.86
S000384,2026-01-24,C047,INV-10649,6517.59
S000385,2026-01-24,C051,INV-10284,3217.38
S000386,2026-01-24,C057,INV-11484,2500.0
S000387,2026-01-24,C020,INV-10861,2948.71
S000388,2026-01-24,C057,INV-10340,2363.17
S000389,2026-01-24,C034,INV-10456,7058.34
S000390,2026-01-24,C012,INV-10623,2306.95
S000391,2026-01-24,C006,INV-10761,4569.9
S000392,2026-01-24,C056,INV-10869,2243.5
S000393,2026-01-24,C015,INV-11174,3033.74
S000394,2026-01-24,C020,INV-11492,2277.13
S000395,2026-01-24,C007,INV-10539,1291.81
S000396,2026-01-24,C055,INV-11289,4199.33
S000397,2026-01-24,C036,INV-11311,4244.35
S000398,2026-01-25,C049,INV-10056,1422.4
S000399,2026-01-25,C014,INV-10823,7005.19
S000400,2026-01-25,C022,INV-11324,5690.59
S000401,2026-01-25,C008,INV-10860,3934.11
S000402,2026-01-25,C040,INV-10510,1977.47
S000403,2026-01-25,C025,INV-11257,2596.35
S000404,2026-01-25,C034,INV-10330,4392.87
S000405,2026-01-25,C035,INV-10747,973.23
S000406,2026-01-25,C045,INV-10282,6413.7
S000407,2026-01-25,C042,INV-10302,6073.47
S000408,2026-01-25,C052,,5294.86
S000409,2026-01-25,C033,INV-11037,1500.0
S000410,2026-01-25,C047,INV-10447,3472.49
S000411,2026-01-25,C047,INV-11350,9785.63
S000412,2026-01-25,C044,INV-10432,2603.32
S000413,2026-01-25,C034,INV-11412,1121.66
S000414,2026-01-25,C016,INV-10223,683.94
S000415,2026-01-25,C030,INV-11255,5784.89
S000416,2026-01-25,C028,INV-10417,5506.1
S000417,2026-01-25,C034,INV-10151,864.95
S000418,2026-01-26,C037,INV-10622,9168.15
S000419,2026-01-26,C014,INV-10117,1500.0
S000420,2026-01-26,C059,INV-10326,12054.05
S000421,2026-01-26,C054,INV-11208,4647.39
S000422,2026-01-26,C020,INV-10612,6210.89
S000423,2026-01-26,C036,INV-10198,1125.62
S000424,2026-01-26,C039,INV-10583,759.5
S000425,2026-01-26,C009,INV-11379,1214.74
S000426,2026-01-26,C035,,500.0
S000427,2026-01-26,C016,INV-11161,19375.66
S000428,2026-01-26,C016,INV-10867,2954.22
S000429,2026-01-26,C024,INV-11413,500.0
S000430,2026-01-26,C046,INV-11015,4235.32
S000431,2026-01-26,C035,INV-10051,3194.48
S000432,2026-01-26,C001,INV-11147,6977.94
S000433,2026-01-27,C018,INV-10433,940.75
S000434,2026-01-27,C058,INV-11009,627.48
S000435,2026-01-27,C019,INV-10986,885.79
S000436,2026-01-27,C012,INV-11361,11843.7
S000437,2026-01-27,C024,INV-10252,29219.39
S000438,2026-01-27,C005,INV-11048,1314.41
S000439,2026-01-27,C007,INV-11281,2248.62
S000440,2026-01-27,C013,INV-10873,8195.1
S000441,2026-01-27,C055,INV-10696,2323.38
S000442,2026-01-27,C002,INV-11204,3240.53
S000443,2026-01-27,C031,INV-10316,1923.36
S000444,2026-01-27,C001,INV-10620,4547.42
S000445,2026-01-27,C024,INV-11384,1227.68
S000446,2026-01-27,C009,INV-11443,1044.32
S000447,2026-01-27,C013,INV-10471,4042.96
S000448,2026-01-27,C021,INV-10423,1726.13
S000449,2026-01-27,C033,INV-10234,1544.87
S000450,2026-01-27,C006,INV-10191,269.4
S000451,2026-01-27,C014,,3386.69
S000452,2026-01-27,C041,INV-10631,2472.97
S000453,2026-01-27,C012,INV-10543,5887.83
S000454,2026-01-27,C047,INV-11244,1629.57
S000455,2026-01-27,C021,INV-11128,449.76
S000456,2026-01-27,C018,INV-10608,3866.74
S000457,2026-01-28,C020,INV-10300,1246.82
S000458,2026-01-28,C014,INV-10658,4476.75
S000459,2026-01-28,C004,INV-11305,3186.68
S000460,2026-01-28,C057,INV-10853,2937.01
S000461,2026-01-28,C057,INV-10565,797.63
S000462,2026-01-28,C016,INV-10183,336.76
S000463,2026-01-28,C056,INV-10768,874.04
S000464,2026-01-28,C059,INV-10280,750.0
S000465,2026-01-28,C054,INV-10090,7840.34
S000466,2026-01-28,C054,INV-11380,5323.15
S000467,2026-01-28,C024,INV-11099,4003.06
S000468,2026-01-28,C043,INV-10725,1449.87
S000469,2026-01-28,C043,INV-10547,1871.37
S000470,2026-01-28,C004,INV-10221,4165.31
S000471,2026-01-28,C050,INV-10239,2409.68
S000472,2026-01-28,C020,INV-10115,3401.92
S000473,2026-01-28,C032,INV-11469,1355.05
S000474,2026-01-28,C003,INV-10035,11932.56
S000475,2026-01-28,C060,INV-11064,1487.97
S000476,2026-01-28,C051,INV-10238,792.34
S000477,2026-01-28,C047,INV-10174,3729.63
S000478,2026-01-28,C046,INV-10052,2307.62
S000479,2026-01-29,C001,INV-10224,4000.04
S000480,2026-01-29,C052,,4153.9
S000481,2026-01-29,C018,INV-10784,23313.29
S000482,2026-01-29,C026,INV-10014,10916.08
S000483,2026-01-29,C029,INV-10974,601.98
S000484,2026-01-29,C049,INV-11396,4197.75
S000485,2026-01-29,C039,INV-11459,3102.24
S000486,2026-01-29,C012,INV-10468,4310.64
S000487,2026-01-29,C025,INV-11494,1683.23
S000488,2026-01-29,C027,INV-10248,15857.45
S000489,2026-01-29,C027,INV-10075,5574.95
S000490,2026-01-29,C044,INV-10783,3531.89
S000491,2026-01-29,C046,INV-11140,4633.0
S000492,2026-01-29,C012,INV-11451,9811.97
S000493,2026-01-29,C018,INV-10584,3951.67
S000494,2026-01-30,C011,INV-10821,3400.95
S000495,2026-01-30,C020,INV-11210,5676.68
S000496,2026-01-30,C011,INV-10838,1132.97
S000497,2026-01-30,C022,INV-10606,2052.44
S000498,2026-01-30,C013,INV-11298,10098.97
S000499,2026-01-30,C014,INV-10391,740.58
S000500,2026-01-30,C028,INV-10938,1827.96
S000501,2026-01-30,C021,INV-11018,1000.0
S000502,2026-01-30,C037,INV-10064,5307.9
S000503,2026-01-30,C049,INV-10556,1272.62
S000504,2026-01-30,C015,INV-10264,2172.2
S000505,2026-01-30,C026,INV-10424,6443.03
S000506,2026-01-30,C031,INV-11300,4492.48
S000507,2026-01-30,C033,INV-10599,559.83
S000508,2026-01-31,C052,INV-10733,11656.02
S000509,2026-01-31,C028,INV-11051,3472.31
S000510,2026-01-31,C049,INV-10169,2900.61
S000511,2026-01-31,C006,INV-11310,16134.44
S000512,2026-01-31,C049,INV-10994,4548.53
S000513,2026-01-31,C008,INV-10281,1655.48
S000514,2026-01-31,C025,INV-11066,7533.77
S000515,2026-01-31,C030,INV-10442,2403.76
S000516,2026-01-31,C017,INV-10980,1988.87
S000517,2026-01-31,C039,INV-11308,2000.0
S000518,2026-01-31,C057,INV-10195,3763.99
S000519,2026-01-31,C053,INV-10888,500.0
S000520,2026-01-31,C031,INV-11163,7013.88
S000521,2026-01-31,C016,INV-11240,1685.48
S000522,2026-01-31,C059,,422.46
S000523,2026-01-31,C015,INV-10663,1205.63
S000524,2026-01-31,C047,INV-10961,721.49
S000525,2026-01-31,C013,INV-10943,1164.73
S000526,2026-01-31,C043,INV-10128,4026.28
S000527,2026-02-01,C005,INV-10847,4395.21
S000528,2026-02-01,C024,INV-11339,1404.3
S000529,2026-02-01,C044,INV-10236,1604.25
S000530,2026-02-01,C018,INV-10404,8186.77
S000531,2026-02-01,C013,INV-10575,2665.86
S000532,2026-02-01,C050,INV-10741,3318.06
S000533,2026-02-01,C002,INV-10367,4080.57
S000534,2026-02-01,C003,INV-11295,2663.1
S000535,2026-02-01,C048,INV-10736,669.79
S000536,2026-02-01,C043,INV-10637,1235.79
S000537,2026-02-01,C022,INV-10439,3414.28
S000538,2026-02-01,C042,INV-10525,1013.93
S000539,2026-02-01,C004,INV-11137,1895.94
S000540,2026-02-01,C056,INV-10516,11541.47
S000541,2026-02-01,C022,INV-11080,862.2
S000542,2026-02-01,C011,INV-11406,2000.0
S000543,2026-02-01,C024,INV-10857,4294.39
S000544,2026-02-01,C026,INV-10140,7686.36
S000545,2026-02-02,C034,INV-11193,468.57
S000546,2026-02-02,C053,INV-11340,9319.45
S000547,2026-02-02,C010,INV-10551,903.79
S000548,2026-02-02,C019,INV-10241,9532.87
S000549,2026-02-02,C050,INV-11144,4171.54
S000550,2026-02-02,C003,INV-11019,3240.79
S000551,2026-02-02,C002,INV-11435,933.93
S000552,2026-02-02,C050,INV-10835,1134.43
S000553,2026-02-02,C025,INV-10038,1500.0
S000554,2026-02-03,C027,INV-10819,2000.0
S000555,2026-02-03,C037,INV-10063,2033.16
S000556,2026-02-03,C015,INV-10751,1500.0
S000557,2026-02-03,C003,INV-10047,2099.22
S000558,2026-02-03,C056,INV-10889,3758.49
S000559,2026-02-03,C011,INV-11345,1271.61
S000560,2026-02-03,C052,INV-11452,2487.91
S000561,2026-02-03,C029,INV-10796,4028.79
S000562,2026-02-03,C010,INV-10000,2000.0
S000563,2026-02-03,C052,INV-10242,1188.9
S000564,2026-02-03,C038,INV-10944,4729.22
S000565,2026-02-03,C023,INV-10157,3179.57
S000566,2026-02-03,C035,INV-10618,1114.47
S000567,2026-02-03,C040,INV-10233,16134.92
S000568,2026-02-03,C050,INV-10965,7789.91
S000569,2026-02-04,C013,INV-11246,4278.78
S000570,2026-02-04,C012,INV-10570,6544.27
S000571,2026-02-04,C006,INV-10779,3242.12
S000572,2026-02-04,C048,INV-10839,1927.12
S000573,2026-02-04,C052,INV-10415,902.06
S000574,2026-02-04,C043,INV-11490,3649.15
S000575,2026-02-04,C038,INV-10150,1196.21
S000576,2026-02-04,C036,INV-10923,1571.71
S000577,2026-02-04,C009,INV-11259,3451.24
S000578,2026-02-04,C040,INV-11234,2552.72
S000579,2026-02-04,C014,INV-11016,1538.95
S000580,2026-02-04,C040,INV-10453,2273.78
S000581,2026-02-04,C038,INV-10788,893.36
S000582,2026-02-04,C020,INV-10523,1177.22
S000583,2026-02-04,C041,INV-10211,388.01
S000584,2026-02-04,C010,INV-10728,5656.03
S000585,2026-02-04,C003,INV-11415,1196.67
S000586,2026-02-04,C040,INV-10388,777.15
S000587,2026-02-04,C011,INV-10068,2428.13
S000588,2026-02-04,C050,INV-10329,11793.65
S000589,2026-02-05,C001,INV-11222,582.98
S000590,2026-02-05,C007,INV-10043,2155.46
S000591,2026-02-05,C016,INV-10695,5586.46
S000592,2026-02-05,C041,INV-10481,10544.57
S000593,2026-02-05,C040,INV-10732,1814.98
S000594,2026-02-05,C003,INV-11017,24089.57
S000595,2026-02-05,C003,INV-11155,3233.13
S000596,2026-02-05,C051,INV-11478,1000.46
S000597,2026-02-05,C060,INV-10912,9081.19
S000598,2026-02-05,C007,INV-10366,925.84
S000599,2026-02-05,C014,INV-10722,5830.29
S000600,2026-02-05,C056,INV-11333,2485.84
S000601,2026-02-05,C042,INV-11390,8464.84
S000602,2026-02-05,C058,INV-10369,1837.81
S000603,2026-02-05,C038,INV-11100,5097.08
S000604,2026-02-05,C003,INV-10458,1991.94
S000605,2026-02-05,C033,INV-10810,2539.99
S000606,2026-02-05,C013,INV-11269,4316.44
S000607,2026-02-05,C052,INV-10587,2890.12
S000608,2026-02-05,C047,INV-11270,2530.47
S000609,2026-02-05,C012,INV-10778,1585.28
S000610,2026-02-05,C017,INV-11084,15758.15
S000611,2026-02-05,C015,INV-11472,3829.84
S000612,2026-02-05,C024,INV-10964,1166.33
S000613,2026-02-06,C009,INV-11145,3450.12
S000614,2026-02-06,C055,INV-10840,1555.34
S000615,2026-02-06,C026,INV-11171,14094.79
S000616,2026-02-06,C005,INV-10767,1560.58
S000617,2026-02-06,C038,INV-10401,1394.52
S000618,2026-02-06,C056,INV-10451,763.1
S000619,2026-02-06,C025,INV-10979,1206.62
S000620,2026-02-06,C011,INV-11388,2724.71
S000621,2026-02-06,C018,INV-11369,6381.04
S000622,2026-02-06,C006,INV-10541,832.08
S000623,2026-02-06,C035,INV-10113,5063.51
S000624,2026-02-06,C010,INV-11465,1640.79
S000625,2026-02-06,C060,INV-11440,3208.63
S000626,2026-02-06,C018,INV-11442,4797.86
S000627,2026-02-06,C026,INV-10147,904.21
S000628,2026-02-06,C056,INV-11029,2586.61
S000629,2026-02-06,C018,INV-10966,1432.37
S000630,2026-02-06,C013,INV-10254,704.02
S000631,2026-02-06,C056,INV-10582,2667.86
S000632,2026-02-06,C043,INV-11462,7458.93
S000633,2026-02-06,C048,INV-10558,541.56
S000634,2026-02-06,C042,INV-10841,6686.15
S000635,2026-02-07,C058,INV-10420,1265.55
S000636,2026-02-07,C011,INV-11071,2100.07
S000637,2026-02-07,C001,INV-11225,20438.48
S000638,2026-02-07,C042,INV-10982,3290.68
S000639,2026-02-07,C043,INV-10318,5240.76
S000640,2026-02-07,C051,INV-10675,2755.53
S000641,2026-02-07,C013,INV-11203,918.84
S000642,2026-02-07,C023,INV-10569,561.06
S000643,2026-02-07,C034,INV-10078,3805.05
S000644,2026-02-07,C054,INV-10809,3233.15
S000645,2026-02-07,C003,INV-10452,3849.8
S000646,2026-02-07,C018,INV-10795,7105.76
S000647,2026-02-07,C031,INV-10609,952.21
S000648,2026-02-07,C029,INV-11192,17773.44
S000649,2026-02-07,C039,INV-10473,6853.95
S000650,2026-02-07,C060,INV-10184,2899.07
S000651,2026-02-07,C044,INV-11403,500.0
S000652,2026-02-07,C040,INV-10426,1308.42
S000653,2026-02-07,C059,INV-10398,364.38
S000654,2026-02-07,C026,INV-10375,1507.87
S000655,2026-02-07,C001,INV-10094,423.42
S000656,2026-02-07,C001,INV-10794,8492.76
S000657,2026-02-07,C025,INV-11319,9986.52
S000658,2026-02-07,C054,INV-11184,2500.99
S000659,2026-02-07,C051,INV-11076,5658.9
S000660,2026-02-08,C057,INV-10717,9544.09
S000661,2026-02-08,C033,INV-11262,1318.71
S000662,2026-02-08,C031,INV-11341,2763.87
S000663,2026-02-08,C017,INV-10022,604.23
S000664,2026-02-08,C001,INV-11313,5069.54
S000665,2026-02-08,C036,INV-10066,3174.77
S000666,2026-02-08,C042,INV-10482,16144.99
S000667,2026-02-08,C023,INV-10553,6425.0
S000668,2026-02-08,C055,INV-11000,2500.0
S000669,2026-02-08,C023,INV-10644,909.24
S000670,2026-02-08,C019,INV-10718,1000.0
S000671,2026-02-08,C040,INV-11107,2500.0
S000672,2026-02-08,C007,INV-11292,6259.5
S000673,2026-02-08,C009,INV-11115,1982.7
S000674,2026-02-08,C032,INV-11370,2000.0
S000675,2026-02-08,C012,INV-10011,6295.08
S000676,2026-02-09,C004,INV-10552,480.1
S000677,2026-02-09,C030,INV-11423,4702.84
S000678,2026-02-09,C030,INV-11153,6380.79
S000679,2026-02-09,C018,INV-10202,1216.36
S000680,2026-02-09,C038,INV-10012,5581.86
S000681,2026-02-09,C032,INV-10682,1659.96
S000682,2026-02-09,C047,INV-11267,1783.92
S000683,2026-02-09,C012,INV-10756,5127.95
S000684,2026-02-09,C029,INV-10789,2644.79
S000685,2026-02-09,C059,INV-10378,1471.5
S000686,2026-02-09,C030,INV-10317,2500.0
S000687,2026-02-09,C012,INV-10112,1895.73
S000688,2026-02-09,C059,INV-11489,3022.22
S000689,2026-02-09,C001,INV-10730,5789.63
S000690,2026-02-09,C042,INV-10196,1500.0
S000691,2026-02-09,C023,INV-11233,1160.51
S000692,2026-02-09,C020,INV-11241,3686.44
S000693,2026-02-09,C018,INV-10154,750.0
S000694,2026-02-09,C026,INV-10685,5053.63
S000695,2026-02-10,C027,INV-11011,2954.7
S000696,2026-02-10,C025,INV-11414,522.29
S000697,2026-02-10,C019,INV-10589,7727.44
S000698,2026-02-10,C001,INV-10808,6951.45
S000699,2026-02-10,C024,INV-11432,2428.42
S000700,2026-02-10,C060,INV-11425,11508.05
S000701,2026-02-10,C012,INV-10363,6285.59
S000702,2026-02-10,C048,INV-11012,8228.11
S000703,2026-02-10,C002,INV-10256,500.0
S000704,2026-02-10,C052,INV-11277,223.82
S000705,2026-02-10,C024,INV-10263,1781.83
S000706,2026-02-10,C030,INV-10310,10791.01
S000707,2026-02-10,C038,INV-11218,3463.63
S000708,2026-02-10,C018,INV-10771,10422.57
S000709,2026-02-10,C045,INV-10493,8063.65
S000710,2026-02-10,C057,INV-10662,5768.11
S000711,2026-02-11,C058,INV-10679,2802.33
S000712,2026-02-11,C005,INV-10185,3267.98
S000713,2026-02-11,C044,INV-11039,2720.66
S000714,2026-02-11,C055,INV-10179,2587.35
S000715,2026-02-11,C051,INV-11256,997.35
S000716,2026-02-11,C039,,5661.39
S000717,2026-02-11,C050,INV-10295,818.63
S000718,2026-02-11,C041,INV-10800,1987.36
S000719,2026-02-11,C009,INV-11252,1422.66
S000720,2026-02-11,C038,INV-10181,2908.35
S000721,2026-02-11,C010,INV-11433,1593.75
S000722,2026-02-11,C036,INV-10797,1827.89
S000723,2026-02-11,C008,INV-10735,2698.11
S000724,2026-02-11,C018,INV-10104,3592.72
S000725,2026-02-11,C006,INV-10262,3562.47
S000726,2026-02-11,C016,INV-10715,824.12
S000727,2026-02-11,C014,INV-10900,2880.48
S000728,2026-02-11,C041,INV-11101,2500.0
S000729,2026-02-12,C009,INV-10561,7297.18
S000730,2026-02-12,C010,INV-10671,2509.32
S000731,2026-02-12,C030,INV-10537,2286.64
S000732,2026-02-12,C059,INV-10998,3210.95
S000733,2026-02-12,C023,INV-11148,2215.88
S000734,2026-02-12,C046,INV-10699,2915.59
S000735,2026-02-12,C055,INV-10477,2631.75
S000736,2026-02-12,C005,INV-10507,539.66
S000737,2026-02-12,C002,INV-10265,765.78
S000738,2026-02-12,C031,INV-10749,3105.53
S000739,2026-02-12,C006,INV-10321,4395.58
S000740,2026-02-12,C045,INV-10020,3710.03
S000741,2026-02-12,C024,INV-10293,44078.45
S000742,2026-02-12,C030,INV-10697,9845.68
S000743,2026-02-12,C016,INV-10636,6443.95
S000744,2026-02-12,C019,INV-10843,628.65
S000745,2026-02-12,C004,INV-11265,2000.0
S000746,2026-02-12,C022,INV-10927,8865.45
S000747,2026-02-12,C057,INV-10285,1685.83
S000748,2026-02-12,C036,INV-11284,3693.29
S000749,2026-02-12,C025,INV-10058,7883.1
S000750,2026-02-12,C008,INV-11021,9937.88
S000751,2026-02-12,C059,INV-11320,922.56
S000752,2026-02-12,C038,INV-11299,2164.89
S000753,2026-02-12,C034,INV-10967,1000.0
S000754,2026-02-12,C025,INV-10201,500.0
S000755,2026-02-12,C020,INV-10006,2711.2
S000756,2026-02-12,C045,INV-10205,1386.89
S000757,2026-02-12,C010,INV-10213,3234.9
S000758,2026-02-13,C001,INV-10194,3309.91
S000759,2026-02-13,C053,INV-10207,10387.18
S000760,2026-02-13,C024,INV-10370,959.45
S000761,2026-02-13,C026,INV-10226,5371.69
S000762,2026-02-13,C052,INV-10027,2010.31
S000763,2026-02-13,C048,INV-10255,1892.39
S000764,2026-02-13,C002,INV-11160,3505.92
S000765,2026-02-13,C056,INV-11419,5002.11
S000766,2026-02-13,C035,INV-10287,9369.01
S000767,2026-02-13,C033,INV-10231,1276.61
S000768,2026-02-13,C033,INV-10633,4808.74
S000769,2026-02-13,C003,INV-10429,1368.33
S000770,2026-02-13,C011,INV-10279,1893.35
S000771,2026-02-13,C058,INV-10567,1005.65
S000772,2026-02-13,C035,INV-10988,4442.56
S000773,2026-02-13,C018,INV-10199,2651.22
S000774,2026-02-13,C054,INV-10892,803.38
S000775,2026-02-13,C057,INV-10657,2680.37
S000776,2026-02-13,C046,INV-10790,1286.26
S000777,2026-02-13,C018,INV-10619,1930.01
S000778,2026-02-13,C019,INV-10791,3079.69
S000779,2026-02-14,C024,INV-10638,15315.02
S000780,2026-02-14,C040,INV-10934,4450.23
S000781,2026-02-14,C054,INV-11275,1005.41
S000782,2026-02-14,C042,INV-10100,4788.34
S000783,2026-02-14,C033,INV-10138,653.41
S000784,2026-02-14,C054,INV-10515,7643.61
S000785,2026-02-14,C040,INV-10013,5000.0
S000786,2026-02-14,C050,INV-11338,551.9
S000787,2026-02-14,C025,INV-11231,2592.02
S000788,2026-02-14,C037,INV-10815,6320.35
S000789,2026-02-14,C036,INV-11355,2028.32
S000790,2026-02-14,C009,INV-11375,5402.25
S000791,2026-02-14,C044,INV-10646,13238.67
S000792,2026-02-14,C007,INV-11088,479.98
S000793,2026-02-14,C058,INV-11441,1450.04
S000794,2026-02-14,C059,INV-10981,5745.26
S000795,2026-02-14,C007,INV-10008,2000.0
S000796,2026-02-14,C027,INV-11328,412.71
S000797,2026-02-15,C049,INV-10422,3290.79
S000798,2026-02-15,C010,INV-10951,2441.13
S000799,2026-02-15,C045,INV-11042,750.0
S000800,2026-02-15,C039,INV-10758,19315.61
S000801,2026-02-15,C037,INV-11428,20227.25
S000802,2026-02-15,C008,INV-10781,1249.34
S000803,2026-02-15,C037,INV-10071,5000.0
S000804,2026-02-15,C046,INV-10511,4516.55
S000805,2026-02-15,C010,INV-10991,9410.43
S000806,2026-02-15,C052,INV-11118,1159.68
S000807,2026-02-15,C035,INV-11190,4271.29
S000808,2026-02-15,C045,INV-11176,870.09
S000809,2026-02-15,C013,INV-10871,1215.48
S000810,2026-02-15,C049,INV-11297,1500.0
S000811,2026-02-15,C031,INV-11032,2874.56
S000812,2026-02-15,C045,,9341.12
S000813,2026-02-15,C058,INV-10858,3634.34
S000814,2026-02-15,C037,INV-10744,910.18
S000815,2026-02-15,C049,INV-10076,1196.05
S000816,2026-02-16,C005,INV-10564,4326.2
S000817,2026-02-16,C013,INV-10009,2695.18
S000818,2026-02-16,C045,INV-11105,3305.56
S000819,2026-02-16,C053,INV-11315,5000.0
S000820,2026-02-16,C054,INV-10560,13206.71
S000821,2026-02-16,C025,,2059.32
S000822,2026-02-16,C038,INV-11055,12836.52
S000823,2026-02-16,C057,INV-10488,7331.55
S000824,2026-02-16,C040,INV-10712,1000.0
S000825,2026-02-16,C060,INV-10502,4446.32
S000826,2026-02-16,C053,INV-10341,4503.57
S000827,2026-02-16,C041,INV-10039,6165.65
S000828,2026-02-16,C008,INV-10876,3232.65
S000829,2026-02-16,C026,INV-11273,17956.48
S000830,2026-02-16,C041,INV-10707,3891.12
S000831,2026-02-16,C003,INV-10348,1500.0
S000832,2026-02-16,C025,INV-10526,758.03
S000833,2026-02-16,C057,INV-10431,1762.48
S000834,2026-02-16,C044,INV-11006,8031.07
S000835,2026-02-16,C031,,11290.31
S000836,2026-02-16,C003,INV-10693,10579.51
S000837,2026-02-16,C017,INV-10413,2310.59
S000838,2026-02-16,C031,INV-10592,2622.9
S000839,2026-02-16,C047,INV-10270,2263.82
S000840,2026-02-16,C008,INV-10156,1430.81
S000841,2026-02-17,C054,INV-10983,1693.19
S000842,2026-02-17,C049,INV-10710,2213.26
S000843,2026-02-17,C059,INV-10111,3203.86
S000844,2026-02-17,C054,INV-10864,1962.65
S000845,2026-02-17,C028,INV-11374,4744.15
S000846,2026-02-17,C051,INV-10073,8055.89
S000847,2026-02-17,C042,INV-10806,2283.69
S000848,2026-02-17,C021,INV-10985,500.0
S000849,2026-02-17,C032,INV-11112,27120.68
S000850,2026-02-17,C059,INV-10474,1408.96
S000851,2026-02-17,C045,INV-10153,1046.63
S000852,2026-02-18,C027,,4771.13
S000853,2026-02-18,C023,INV-11073,5504.35
S000854,2026-02-18,C054,INV-11108,3600.51
S000855,2026-02-18,C002,INV-10354,5651.57
S000856,2026-02-18,C026,INV-10881,3653.7
S000857,2026-02-18,C034,INV-11224,3843.64
S000858,2026-02-18,C010,INV-11027,6144.27
S000859,2026-02-18,C056,INV-11409,1000.0
S000860,2026-02-18,C006,INV-10852,2055.62
S000861,2026-02-18,C001,INV-10246,617.3
S000862,2026-02-18,C004,INV-10103,2000.0
S000863,2026-02-18,C028,INV-10392,36479.02
S000864,2026-02-19,C024,INV-10813,228.92
S000865,2026-02-19,C005,INV-10001,2534.16
S000866,2026-02-19,C033,INV-10086,1000.0
S000867,2026-02-19,C016,INV-10361,7642.46
S000868,2026-02-19,C007,INV-10890,2665.8
S000869,2026-02-19,C047,INV-10720,12933.79
S000870,2026-02-19,C004,INV-10260,750.0
S000871,2026-02-19,C009,INV-10271,7838.85
S000872,2026-02-19,C020,INV-10875,5276.03
S000873,2026-02-19,C004,INV-10793,1263.64
S000874,2026-02-19,C041,INV-10081,1713.31
S000875,2026-02-19,C039,INV-10522,963.7
S000876,2026-02-19,C036,INV-11067,1500.0
S000877,2026-02-20,C015,INV-10930,1159.5
S000878,2026-02-20,C019,INV-11475,1665.79
S000879,2026-02-20,C021,INV-10088,5165.84
S000880,2026-02-20,C014,INV-10716,5693.6
S000881,2026-02-20,C033,INV-10799,1683.63
S000882,2026-02-20,C043,,4445.88
S000883,2026-02-20,C049,INV-10760,2577.34
S000884,2026-02-20,C021,INV-10708,661.17
S000885,2026-02-20,C015,INV-11296,855.2
S000886,2026-02-20,C041,INV-10315,4907.51
S000887,2026-02-20,C003,INV-10118,8775.01
S000888,2026-02-20,C018,INV-11377,5012.82
S000889,2026-02-20,C017,INV-10643,593.96
S000890,2026-02-20,C017,INV-10630,1971.25
S000891,2026-02-20,C029,INV-11091,6828.23
S000892,2026-02-21,C023,INV-10995,4003.59
S000893,2026-02-21,C009,INV-10141,5806.77
S000894,2026-02-21,C012,INV-10161,1224.24
S000895,2026-02-21,C044,INV-11389,1963.74
S000896,2026-02-21,C054,INV-10870,4182.51
S000897,2026-02-21,C051,INV-10648,2786.63
S000898,2026-02-21,C003,INV-10506,7052.65
S000899,2026-02-21,C023,INV-11142,2964.73
S000900,2026-02-21,C026,INV-11424,4765.69
S000901,2026-02-21,C059,INV-10016,2072.26
S000902,2026-02-21,C025,INV-10273,6269.49
S000903,2026-02-21,C030,INV-11104,767.02
S000904,2026-02-21,C024,,4619.95
S000905,2026-02-21,C056,INV-10339,840.8
S000906,2026-02-21,C005,INV-10777,2867.75
S000907,2026-02-21,C039,INV-10400,206.03
S000908,2026-02-21,C053,INV-11306,3099.07
S000909,2026-02-21,C001,INV-10168,2127.73
S000910,2026-02-21,C042,INV-11316,1942.62
S000911,2026-02-21,C005,INV-10098,2650.33
S000912,2026-02-21,C005,INV-10700,18239.05
S000913,2026-02-21,C043,INV-11392,2682.49
S000914,2026-02-21,C032,INV-11449,1613.96
S000915,2026-02-21,C040,INV-10267,3586.18
S000916,2026-02-21,C018,INV-11274,747.97
S000917,2026-02-21,C040,INV-10842,1823.96
S000918,2026-02-21,C028,INV-10676,6000.61
S000919,2026-02-21,C059,INV-11002,7846.36
S000920,2026-02-22,C048,INV-10159,3658.0
S000921,2026-02-22,C030,INV-11007,1581.37
S000922,2026-02-22,C029,INV-10343,3385.76
S000923,2026-02-22,C048,INV-10999,19420.11
S000924,2026-02-22,C034,INV-10278,1016.12
S000925,2026-02-22,C048,INV-11087,3884.22
S000926,2026-02-22,C043,INV-10635,4332.2
S000927,2026-02-22,C048,INV-10534,5803.09
S000928,2026-02-22,C026,INV-11180,2053.56
S000929,2026-02-22,C042,INV-10845,2261.63
S000930,2026-02-22,C044,INV-10917,2663.78
S000931,2026-02-22,C004,INV-11228,10920.22
S000932,2026-02-22,C025,INV-11013,957.75
S000933,2026-02-22,C058,INV-10666,7654.16
S000934,2026-02-22,C022,INV-11194,17059.31
S000935,2026-02-22,C059,INV-10170,8046.3
S000936,2026-02-22,C059,INV-10536,5000.0
S000937,2026-02-22,C043,INV-11480,12095.16
S000938,2026-02-22,C037,INV-10407,3753.49
S000939,2026-02-22,C035,INV-11382,394.68
S000940,2026-02-23,C057,INV-11164,1301.36
S000941,2026-02-23,C018,INV-10726,3613.81
S000942,2026-02-23,C004,INV-11143,1837.65
S000943,2026-02-23,C008,INV-11272,4875.33
S000944,2026-02-23,C011,INV-10611,17739.03
S000945,2026-02-23,C054,INV-11127,3224.59
S000946,2026-02-23,C057,INV-11434,4092.0
S000947,2026-02-23,C014,INV-11237,15509.81
S000948,2026-02-23,C027,INV-10445,10193.49
S000949,2026-02-23,C011,INV-10711,3316.38
S000950,2026-02-23,C016,INV-10446,3045.18
S000951,2026-02-23,C020,INV-10825,500.0
S000952,2026-02-23,C035,INV-10812,2899.09
S000953,2026-02-23,C037,,2121.93
S000954,2026-02-23,C025,INV-10863,3629.46
S000955,2026-02-23,C030,INV-10472,10223.19
S000956,2026-02-23,C040,INV-10586,4442.53
S000957,2026-02-23,C019,INV-10877,681.07
S000958,2026-02-23,C010,INV-10754,1544.41
S000959,2026-02-23,C032,INV-11177,4206.39
S000960,2026-02-23,C014,INV-10099,763.64
S000961,2026-02-24,C045,INV-10437,449.7
S000962,2026-02-24,C041,INV-11332,1474.61
S000963,2026-02-24,C040,INV-11383,1400.98
S000964,2026-02-24,C036,INV-10054,549.04
S000965,2026-02-24,C016,INV-10566,5000.0
S000966,2026-02-24,C053,INV-10538,3940.49
S000967,2026-02-24,C038,INV-10288,12177.35
S000968,2026-02-24,C059,INV-10829,2203.67
S000969,2026-02-24,C049,INV-11150,4574.42
S000970,2026-02-24,C036,INV-11195,2069.95
S000971,2026-02-24,C052,INV-11293,1169.62
S000972,2026-02-24,C039,INV-10155,3525.18
S000973,2026-02-24,C012,INV-10253,3304.12
S000974,2026-02-24,C038,INV-10605,1385.29
S000975,2026-02-24,C026,INV-10476,2000.0
S000976,2026-02-24,C012,INV-10581,6814.69
S000977,2026-02-25,C047,INV-11229,640.9
S000978,2026-02-25,C001,INV-10865,4562.93
S000979,2026-02-25,C008,INV-10244,436.22
S000980,2026-02-25,C049,INV-10952,3986.23
S000981,2026-02-25,C029,INV-10590,1766.29
S000982,2026-02-25,C022,INV-10356,7740.63
S000983,2026-02-25,C050,INV-10804,2887.42
S000984,2026-02-25,C004,INV-10882,3508.48
S000985,2026-02-25,C031,INV-11499,1000.0
S000986,2026-02-25,C001,INV-10204,3195.99
S000987,2026-02-25,C046,INV-10454,5459.46
S000988,2026-02-25,C013,INV-10306,410.86
S000989,2026-02-25,C057,INV-10942,1876.21
S000990,2026-02-26,C015,INV-10639,2277.61
S000991,2026-02-26,C052,INV-11325,13364.46
S000992,2026-02-26,C016,INV-11057,1011.36
S000993,2026-02-26,C035,INV-11294,990.81
S000994,2026-02-26,C001,INV-10108,2911.56
S000995,2026-02-26,C014,INV-10491,1305.22
S000996,2026-02-26,C025,INV-10360,719.39
S000997,2026-02-26,C033,INV-11047,5798.21
S000998,2026-02-26,C045,INV-11488,1500.0
S000999,2026-02-26,C053,INV-10212,3840.68
S001000,2026-02-26,C020,INV-10145,1369.9
S001001,2026-02-26,C018,INV-11279,7508.5
S001002,2026-02-26,C028,INV-10834,1384.29
S001003,2026-02-26,C039,INV-10690,10203.7
S001004,2026-02-26,C002,INV-11430,850.88
S001005,2026-02-26,C055,INV-10222,644.35
S001006,2026-02-26,C028,INV-10798,2507.57
S001007,2026-02-26,C032,INV-10792,10061.79
S001008,2026-02-26,C057,INV-10545,4636.34
S001009,2026-02-27,C032,INV-10562,1000.0
S001010,2026-02-27,C030,INV-10189,3596.96
S001011,2026-02-27,C010,INV-11359,8648.29
S001012,2026-02-27,C014,INV-11301,2383.51
S001013,2026-02-27,C049,INV-10139,2878.59
S001014,2026-02-27,C046,INV-10941,1320.59
S001015,2026-02-27,C034,INV-10831,2052.56
S001016,2026-02-27,C006,INV-10904,3078.16
S001017,2026-02-27,C039,INV-11439,4496.61
S001018,2026-02-27,C027,INV-10763,7627.84
S001019,2026-02-27,C046,INV-10449,4868.13
S001020,2026-02-27,C054,INV-10069,1110.23
S001021,2026-02-27,C013,INV-10908,1913.33
S001022,2026-02-27,C020,INV-10438,744.03
S001023,2026-02-28,C001,INV-11205,750.0
S001024,2026-02-28,C016,INV-10527,3507.76
S001025,2026-02-28,C043,INV-10410,25954.7
S001026,2026-02-28,C036,INV-11010,4110.23
S001027,2026-02-28,C042,INV-10660,1451.93
S001028,2026-02-28,C036,INV-10333,7164.91
S001029,2026-02-28,C014,INV-11491,1838.05
S001030,2026-02-28,C012,INV-11097,3108.21
S001031,2026-02-28,C015,INV-11337,2417.13
S001032,2026-02-28,C043,INV-11117,27423.7
S001033,2026-02-28,C044,INV-10135,6383.63
S001034,2026-02-28,C010,INV-10347,12104.8
S001035,2026-02-28,C034,INV-10175,1626.73
S001036,2026-02-28,C011,INV-10107,23795.51
S001037,2026-02-28,C021,INV-11158,500.0
S001038,2026-02-28,C054,INV-10677,4790.54
S001039,2026-02-28,C005,,2500.0
S001040,2026-02-28,C009,INV-10785,396.73
S001041,2026-02-28,C002,INV-11068,231.7
S001042,2026-02-28,C022,INV-10786,1062.81
S001043,2026-02-28,C030,INV-11075,2000.0
S001044,2026-02-28,C042,INV-11467,8611.79
S001045,2026-02-28,C042,INV-10342,3487.01
S001046,2026-03-01,C017,INV-11041,288.69
S001047,2026-03-01,C030,INV-11090,1219.72
S001048,2026-03-01,C035,INV-11116,1281.01
S001049,2026-03-01,C027,INV-11464,3313.07
S001050,2026-03-01,C022,INV-10932,13255.57
S001051,2026-03-01,C019,INV-10987,3418.15
S001052,2026-03-01,C040,INV-11139,10864.06
S001053,2026-03-01,C052,INV-10448,3483.08
S001054,2026-03-01,C044,INV-10459,2548.63
S001055,2026-03-01,C034,INV-10303,1241.66
S001056,2026-03-01,C031,INV-10286,5243.64
S001057,2026-03-01,C045,INV-10755,9275.98
S001058,2026-03-01,C013,INV-10970,4553.79
S001059,2026-03-01,C052,INV-11395,1124.58
S001060,2026-03-01,C059,INV-10762,2000.0
S001061,2026-03-01,C051,INV-10591,2549.8
S001062,2026-03-02,C032,INV-11283,7610.6
S001063,2026-03-02,C017,INV-10435,2749.35
S001064,2026-03-02,C042,INV-10922,8087.56
S001065,2026-03-02,C036,INV-11398,12701.9
S001066,2026-03-02,C042,INV-11130,750.0
S001067,2026-03-02,C035,INV-11131,3990.77
S001068,2026-03-02,C040,INV-11179,242.39
S001069,2026-03-02,C059,INV-10862,1772.55
S001070,2026-03-02,C047,INV-10017,2110.34
S001071,2026-03-02,C044,INV-11086,5159.17
S001072,2026-03-02,C008,INV-10101,25350.06
S001073,2026-03-02,C056,INV-10120,4228.34
S001074,2026-03-02,C048,INV-10033,16145.51
S001075,2026-03-02,C016,INV-11092,2130.58
S001076,2026-03-02,C007,INV-10193,6228.67
S001077,2026-03-02,C040,INV-11139,10864.06
S001078,2026-03-02,C014,INV-11254,2387.29
S001079,2026-03-02,C031,INV-10412,3378.72
S001080,2026-03-02,C040,INV-10530,17102.7
S001081,2026-03-02,C017,INV-10335,1646.43
S001082,2026-03-02,C033,INV-11239,1500.0
S001083,2026-03-02,C011,INV-10245,1738.26
S001084,2026-03-03,C001,INV-10119,1464.88
S001085,2026-03-03,C049,INV-10500,12204.56
S001086,2026-03-03,C004,INV-10928,1865.21
S001087,2026-03-03,C035,INV-11466,4559.4
S001088,2026-03-03,C025,INV-11349,4994.07
S001089,2026-03-03,C039,INV-10874,2541.87
S001090,2026-03-03,C009,INV-10661,8839.61
S001091,2026-03-03,C049,INV-10485,2978.42
S001092,2026-03-03,C052,INV-10492,7773.13
S001093,2026-03-03,C017,INV-10034,1757.44
S001094,2026-03-03,C016,INV-11092,2130.58
S001095,2026-03-03,C014,INV-10290,1776.39
S001096,2026-03-03,C033,INV-10187,21105.84
S001097,2026-03-03,C038,INV-11381,1164.93
S001098,2026-03-03,C013,INV-10416,1557.31
S001099,2026-03-03,C027,INV-10240,1937.03
S001100,2026-03-03,C025,INV-10050,909.59
S001101,2026-03-04,C056,INV-10149,2494.58
S001102,2026-03-04,C003,INV-11206,2706.86
S001103,2026-03-04,C006,INV-10533,14856.21
S001104,2026-03-04,C003,INV-11014,8831.88
S001105,2026-03-04,C052,INV-11034,1551.27
S001106,2026-03-04,C045,INV-10854,2183.95
S001107,2026-03-04,C047,INV-10331,1124.08
S001108,2026-03-04,C025,INV-10144,5859.44
S001109,2026-03-04,C025,INV-11089,2215.77
S001110,2026-03-04,C027,INV-10352,1067.44
S001111,2026-03-04,C041,INV-10962,2946.93
S001112,2026-03-04,C022,INV-10549,5942.54
S001113,2026-03-04,C014,INV-10947,3966.53
S001114,2026-03-04,C011,INV-11062,2746.71
S001115,2026-03-04,C035,INV-10219,2273.76
S001116,2026-03-05,C035,INV-10405,1931.84
S001117,2026-03-05,C054,INV-11189,2401.17
S001118,2026-03-05,C019,INV-10257,750.0
S001119,2026-03-05,C003,INV-10532,6884.74
S001120,2026-03-05,C027,INV-10328,3208.97
S001121,2026-03-05,C051,INV-10015,5887.39
S001122,2026-03-05,C002,INV-11196,3868.05
S001123,2026-03-05,C002,INV-10824,4094.35
S001124,2026-03-05,C039,INV-11077,1666.96
S001125,2026-03-05,C059,INV-10166,18682.49
S001126,2026-03-05,C031,INV-10037,500.0
S001127,2026-03-05,C030,INV-10178,2001.24
S001128,2026-03-05,C058,INV-10030,5278.38
S001129,2026-03-05,C027,INV-11287,3242.56
S001130,2026-03-05,C031,INV-11044,7407.74
S001131,2026-03-05,C017,INV-10176,14538.29
S001132,2026-03-05,C028,INV-10362,3826.2
S001133,2026-03-05,C031,INV-11264,2702.69
S001134,2026-03-05,C014,INV-10498,1860.24
S001135,2026-03-05,C028,INV-11219,734.35
S001136,2026-03-05,C034,INV-10780,3290.29
S001137,2026-03-05,C022,INV-10614,7043.04
S001138,2026-03-05,C014,INV-11226,7352.74
S001139,2026-03-05,C058,INV-10729,3463.33
S001140,2026-03-05,C041,INV-10886,2000.0
S001141,2026-03-05,C050,INV-11030,528.22
S001142,2026-03-06,C055,INV-10950,3498.32
S001143,2026-03-06,C025,INV-11307,2929.65
S001144,2026-03-06,C046,INV-10856,2242.14
S001145,2026-03-06,C036,INV-10899,3425.66
S001146,2026-03-06,C052,INV-10055,3588.65
S001147,2026-03-06,C017,INV-11268,5893.34
S001148,2026-03-06,C031,INV-10973,6628.82
S001149,2026-03-06,C039,INV-11186,1817.78
S001150,2026-03-06,C034,INV-10624,14732.84
S001151,2026-03-06,C052,INV-10859,598.99
S001152,2026-03-06,C021,INV-11397,2810.96
S001153,2026-03-06,C046,INV-11282,3568.73
S001154,2026-03-06,C059,INV-11335,2332.12
S001155,2026-03-06,C012,INV-10298,3284.94
S001156,2026-03-06,C007,INV-10811,23805.33
S001157,2026-03-06,C011,INV-11133,3120.42
S001158,2026-03-06,C026,INV-11221,1000.0
S001159,2026-03-06,C006,INV-10848,2607.71
S001160,2026-03-06,C059,INV-11476,7790.06
S001161,2026-03-06,C029,INV-11399,1798.06
S001162,2026-03-06,C042,INV-11431,2000.0
S001163,2026-03-07,C059,INV-11212,1544.37
S001164,2026-03-07,C048,INV-10299,1660.97
S001165,2026-03-07,C027,INV-11458,5078.57
S001166,2026-03-07,C005,INV-10849,1053.19
S001167,2026-03-07,C056,INV-11081,4967.68
S001168,2026-03-07,C028,INV-10203,41881.55
S001169,2026-03-07,C017,INV-10753,2918.28
S001170,2026-03-07,C040,INV-10311,1124.43
S001171,2026-03-07,C042,INV-10514,21588.91
S001172,2026-03-07,C028,INV-10837,1500.0
S001173,2026-03-07,C028,INV-10494,9133.3
S001174,2026-03-07,C059,INV-10915,2225.36
S001175,2026-03-07,C060,INV-10121,4488.82
S001176,2026-03-07,C028,INV-10215,2500.0
S001177,2026-03-07,C050,INV-11481,19512.02
S001178,2026-03-07,C046,INV-11061,24943.68
S001179,2026-03-07,C028,INV-10996,5793.21
S001180,2026-03-07,C048,INV-11198,2968.47
S001181,2026-03-07,C029,,8449.79
S001182,2026-03-07,C024,INV-11347,1500.0
S001183,2026-03-07,C040,INV-10745,7687.44
S001184,2026-03-07,C001,INV-10402,16705.77
S001185,2026-03-07,C001,INV-11162,4014.13
S001186,2026-03-08,C026,INV-11215,2625.34
S001187,2026-03-08,C048,INV-10031,8213.13
S001188,2026-03-08,C032,INV-10960,1635.03
S001189,2026-03-08,C025,INV-11303,4855.85
S001190,2026-03-08,C019,INV-10186,1713.12
S001191,2026-03-08,C021,INV-11040,19550.18
S001192,2026-03-08,C042,INV-10844,1000.0
S001193,2026-03-08,C032,INV-10384,5979.6
S001194,2026-03-08,C041,INV-10517,12761.34
S001195,2026-03-08,C057,INV-10820,1984.31
S001196,2026-03-08,C048,INV-10025,3366.66
S001197,2026-03-08,C024,INV-10125,4329.31
S001198,2026-03-08,C009,INV-11285,3689.38
S001199,2026-03-08,C021,INV-11336,13045.53
S001200,2026-03-08,C045,INV-11373,1739.51
S001201,2026-03-09,C002,INV-11360,4915.94
S001202,2026-03-09,C056,INV-10164,754.58
S001203,2026-03-09,C040,INV-10674,4150.28
S001204,2026-03-09,C013,INV-10497,4283.76
S001205,2026-03-09,C051,INV-10324,3459.09
S001206,2026-03-09,C056,INV-10074,1565.2
S001207,2026-03-09,C018,INV-10319,1000.0
S001208,2026-03-09,C026,INV-11220,388.0
S001209,2026-03-09,C052,INV-11351,4439.22
S001210,2026-03-09,C012,INV-11348,7924.11
S001211,2026-03-09,C028,INV-10411,3890.97
S001212,2026-03-09,C047,INV-11098,2211.88
S001213,2026-03-09,C054,INV-10594,4089.95
S001214,2026-03-09,C030,INV-10082,12036.74
S001215,2026-03-09,C037,INV-10916,750.0
S001216,2026-03-09,C048,INV-11036,5854.77
S001217,2026-03-09,C013,INV-10428,262.62
S001218,2026-03-09,C012,INV-10830,2550.51
S001219,2026-03-09,C036,INV-10455,2444.27
S001220,2026-03-09,C047,INV-10040,7288.61
S001221,2026-03-10,C001,INV-10832,984.01
S001222,2026-03-10,C026,INV-10206,2415.8
S001223,2026-03-10,C045,INV-10512,2065.92
S001224,2026-03-10,C041,INV-10851,7612.68
S001225,2026-03-10,C056,INV-10259,1106.44
S001226,2026-03-10,C023,INV-10688,6907.92
S001227,2026-03-10,C035,INV-10818,4252.87
S001228,2026-03-10,C059,INV-11183,4017.85
S001229,2026-03-10,C021,,3984.96
S001230,2026-03-10,C054,INV-10134,1027.37
S001231,2026-03-10,C037,INV-10585,2340.54
S001232,2026-03-10,C002,INV-10828,490.26
S001233,2026-03-10,C023,INV-10827,3931.59
S001234,2026-03-10,C060,INV-10092,590.35
S001235,2026-03-10,C044,INV-10559,500.0
S001236,2026-03-10,C055,INV-10610,6171.21
S001237,2026-03-10,C026,INV-11220,388.0
S001238,2026-03-10,C042,INV-11078,4449.27
S001239,2026-03-10,C046,,7589.63
S001240,2026-03-10,C031,INV-11216,2500.0
S001241,2026-03-10,C020,INV-10291,982.68
S001242,2026-03-10,C056,INV-10080,1102.34
S001243,2026-03-10,C047,INV-11422,840.42
S001244,2026-03-10,C019,INV-10114,4368.0
S001245,2026-03-10,C007,INV-10878,2405.1
S001246,2026-03-10,C014,INV-10573,5000.0
S001247,2026-03-11,C056,INV-10235,511.3
S001248,2026-03-11,C001,INV-10920,915.33
S001249,2026-03-11,C032,INV-10230,927.58
S001250,2026-03-11,C019,INV-10062,3965.77
S001251,2026-03-11,C047,INV-10467,3955.72
S001252,2026-03-11,C058,INV-11437,3600.61
S001253,2026-03-11,C054,INV-10604,668.11
S001254,2026-03-11,C034,INV-11447,4094.21
S001255,2026-03-11,C019,INV-10440,6760.38
S001256,2026-03-11,C042,INV-10984,4264.55
S001257,2026-03-11,C028,INV-10866,2147.79
S001258,2026-03-11,C024,INV-10137,4501.91
S001259,2026-03-11,C024,INV-11460,5273.96
S001260,2026-03-11,C013,INV-10200,1349.41
S001261,2026-03-11,C014,,28897.87
S001262,2026-03-11,C046,INV-11141,4805.41
S001263,2026-03-11,C010,INV-11486,2629.84
S001264,2026-03-11,C046,INV-10651,1372.55
S001265,2026-03-11,C057,INV-10703,2075.15
S001266,2026-03-11,C014,INV-10105,2238.77
S001267,2026-03-11,C002,INV-11038,2500.0
S001268,2026-03-12,C008,INV-11438,2874.05
S001269,2026-03-12,C011,INV-11493,1500.0
S001270,2026-03-12,C021,INV-10173,1972.14
S001271,2026-03-12,C038,INV-10217,16300.14
S001272,2026-03-12,C050,INV-10645,1500.0
S001273,2026-03-12,C019,INV-10480,15841.22
S001274,2026-03-12,C046,INV-10427,668.51
S001275,2026-03-12,C007,INV-10770,5048.42
S001276,2026-03-12,C026,INV-11487,8869.09
S001277,2026-03-12,C041,INV-11235,1397.08
S001278,2026-03-12,C007,INV-11008,567.98
S001279,2026-03-12,C025,INV-10626,750.0
S001280,2026-03-12,C025,INV-10694,1000.0
S001281,2026-03-12,C054,INV-10292,1059.66
S001282,2026-03-12,C051,INV-10044,5818.65
S001283,2026-03-12,C033,INV-11321,1589.32
S001284,2026-03-12,C024,INV-10085,1203.51
S001285,2026-03-12,C056,INV-10276,744.73
S001286,2026-03-12,C004,INV-10654,3435.77
S001287,2026-03-13,C012,INV-10936,3814.25
S001288,2026-03-13,C004,INV-11199,1609.71
S001289,2026-03-13,C053,INV-10898,5255.23
S001290,2026-03-13,C039,INV-10918,23473.88
S001291,2026-03-13,C053,INV-10665,2327.74
S001292,2026-03-13,C044,INV-10289,13752.41
S001293,2026-03-13,C057,INV-10462,1773.05
S001294,2026-03-13,C010,INV-11357,7623.58
S001295,2026-03-13,C031,INV-10680,1997.22
S001296,2026-03-13,C046,INV-10336,851.42
S001297,2026-03-13,C035,INV-11248,1922.23
S001298,2026-03-13,C036,INV-10929,9217.53
S001299,2026-03-13,C057,INV-10914,1195.77
S001300,2026-03-13,C014,INV-11330,2060.57
S001301,2026-03-13,C015,INV-10615,5773.09
S001302,2026-03-14,C015,INV-11046,2792.75
S001303,2026-03-14,C047,INV-10077,1818.28
S001304,2026-03-14,C041,INV-10434,4112.9
S001305,2026-03-14,C001,INV-11314,1104.97
S001306,2026-03-14,C049,INV-10724,3378.98
S001307,2026-03-14,C015,INV-10057,5571.54
S001308,2026-03-14,C031,INV-11138,4898.5
S001309,2026-03-14,C018,INV-10489,1939.79
S001310,2026-03-14,C012,INV-11418,2455.27
S001311,2026-03-14,C025,INV-10237,750.0
S001312,2026-03-14,C051,INV-11367,10250.33
S001313,2026-03-14,C051,INV-10817,15955.48
S001314,2026-03-14,C012,INV-10531,18061.86
S001315,2026-03-14,C059,INV-10640,2000.0
S001316,2026-03-14,C024,INV-11496,500.0
S001317,2026-03-14,C042,,1129.11
S001318,2026-03-14,C058,INV-10632,3005.16
S001319,2026-03-15,C025,INV-10664,1553.07
S001320,2026-03-15,C053,INV-11473,1652.36
S001321,2026-03-15,C039,INV-11278,3329.9
S001322,2026-03-15,C050,INV-10409,6409.86
S001323,2026-03-15,C055,INV-10954,10343.51
S001324,2026-03-15,C035,INV-10042,1092.23
S001325,2026-03-15,C026,INV-10850,4413.81
S001326,2026-03-15,C014,INV-11109,40102.58
S001327,2026-03-15,C060,INV-10182,6151.15
S001328,2026-03-15,C021,INV-10070,3383.38
S001329,2026-03-16,C037,INV-10769,2000.0
S001330,2026-03-16,C051,INV-10968,786.4
S001331,2026-03-16,C005,INV-10005,3544.95
S001332,2026-03-16,C053,INV-11236,2917.58
S001333,2026-03-16,C023,,2000.0
S001334,2026-03-16,C032,INV-11436,3277.49
S001335,2026-03-16,C021,INV-11156,2000.0
S001336,2026-03-16,C045,INV-10816,5215.96
S001337,2026-03-16,C002,INV-10158,2208.29
S001338,2026-03-16,C024,INV-10963,4924.09
S001339,2026-03-16,C036,INV-10376,2939.9
S001340,2026-03-16,C015,INV-10464,6976.33
S001341,2026-03-16,C032,INV-11122,1560.2
S001342,2026-03-16,C010,INV-11280,4331.49
S001343,2026-03-16,C005,INV-10371,1094.17
S001344,2026-03-16,C050,INV-10524,2806.45
S001345,2026-03-16,C056,INV-10304,4227.47
S001346,2026-03-16,C033,INV-10167,13014.78
S001347,2026-03-17,C009,INV-10142,343.18
S001348,2026-03-17,C016,INV-11286,5000.0
S001349,2026-03-17,C025,INV-10925,2700.95
S001350,2026-03-17,C022,INV-10774,6141.11
S001351,2026-03-17,C015,INV-11251,2818.66
S001352,2026-03-17,C019,INV-10518,6601.28
S001353,2026-03-17,C021,INV-11156,2000.0
S001354,2026-03-17,C042,INV-10627,500.0
S001355,2026-03-17,C014,INV-10024,3507.43
S001356,2026-03-17,C048,INV-11185,9609.06
S001357,2026-03-17,C040,,4819.51
S001358,2026-03-17,C057,INV-10002,11409.11
S001359,2026-03-17,C027,INV-10004,600.07
S001360,2026-03-17,C027,INV-10971,8683.32
S001361,2026-03-17,C013,INV-10803,5561.35
S001362,2026-03-17,C051,INV-10325,2817.63
S001363,2026-03-17,C051,INV-11317,3055.9
S001364,2026-03-17,C058,INV-11249,8392.39
S001365,2026-03-17,C047,INV-10065,4306.39
S001366,2026-03-17,C060,INV-10919,418.44
S001367,2026-03-17,C028,INV-10598,2910.86
S001368,2026-03-17,C057,INV-10978,1466.45
S001369,2026-03-17,C009,INV-10621,774.99
S001370,2026-03-18,C013,INV-11393,15030.27
S001371,2026-03-18,C035,INV-10933,9954.2
S001372,2026-03-18,C027,INV-11085,500.0
S001373,2026-03-18,C037,INV-10177,4346.36
S001374,2026-03-18,C044,INV-11450,4544.3
S001375,2026-03-18,C033,INV-11102,2788.29
S001376,2026-03-18,C031,INV-10007,780.37
S001377,2026-03-18,C059,INV-11230,2742.15
S001378,2026-03-18,C043,INV-10089,3493.82
S001379,2026-03-18,C005,INV-10359,2500.0
S001380,2026-03-18,C006,INV-10669,1799.66
S001381,2026-03-18,C059,INV-10911,780.9
S001382,2026-03-18,C017,INV-10521,40226.87
S001383,2026-03-18,C031,INV-11178,4124.36
S001384,2026-03-18,C037,INV-10148,5483.06
S001385,2026-03-18,C054,INV-11429,1534.54
S001386,2026-03-18,C037,INV-10629,1791.8
S001387,2026-03-18,C016,INV-10374,12046.92
S001388,2026-03-18,C040,INV-11157,7299.68
S001389,2026-03-19,C003,INV-11457,588.86
S001390,2026-03-19,C034,INV-11149,10321.13
S001391,2026-03-19,C019,INV-10504,574.55
S001392,2026-03-19,C050,INV-10312,6484.21
S001393,2026-03-19,C038,INV-11411,2528.8
S001394,2026-03-19,C015,INV-10907,1000.0
S001395,2026-03-19,C057,INV-10079,4426.83
S001396,2026-03-19,C058,INV-10123,1500.0
S001397,2026-03-19,C052,INV-10822,899.71
S001398,2026-03-19,C037,INV-10308,2546.16
S001399,2026-03-19,C056,INV-11191,1454.48
S001400,2026-03-19,C005,INV-10389,6607.87
S001401,2026-03-19,C048,INV-10748,2055.79
S001402,2026-03-19,C023,INV-11124,1091.25
S001403,2026-03-19,C001,INV-10023,7782.02
S001404,2026-03-19,C016,INV-10337,2569.33
S001405,2026-03-19,C050,INV-10702,750.0
S001406,2026-03-19,C048,INV-10734,10448.7
S001407,2026-03-19,C026,INV-10441,5522.4
S001408,2026-03-20,C019,INV-10143,2588.05
S001409,2026-03-20,C020,INV-11454,3728.06
S001410,2026-03-20,C057,INV-10772,1548.83
S001411,2026-03-20,C006,INV-11134,2500.0
S001412,2026-03-20,C042,INV-10313,1681.63
S001413,2026-03-20,C018,INV-10127,2507.65
S001414,2026-03-20,C045,INV-10425,1059.74
S001415,2026-03-20,C059,INV-10165,1747.93
S001416,2026-03-20,C019,INV-11129,3547.62
S001417,2026-03-20,C056,INV-11035,2663.09
S001418,2026-03-20,C051,INV-10382,927.19
S001419,2026-03-20,C038,INV-11352,4632.21
S001420,2026-03-20,C013,INV-10096,1099.43
S001421,2026-03-20,C003,INV-10381,7006.87
S001422,2026-03-20,C014,INV-11126,14859.41
S001423,2026-03-20,C018,INV-10617,6186.29
S001424,2026-03-20,C046,,1184.78
S001425,2026-03-20,C031,INV-11093,7108.09
S001426,2026-03-20,C057,INV-11181,1664.85
S001427,2026-03-20,C043,INV-10130,642.69
S001428,2026-03-20,C026,INV-10958,3357.72
S001429,2026-03-21,C015,INV-11417,1825.6
S001430,2026-03-21,C036,INV-10414,3434.56
S001431,2026-03-21,C055,INV-10443,4295.03
S001432,2026-03-21,C035,INV-10436,16195.26
S001433,2026-03-21,C035,INV-10133,2039.04
S001434,2026-03-21,C046,INV-10209,9335.37
S001435,2026-03-21,C037,INV-11344,1816.19
S001436,2026-03-21,C024,INV-10478,7155.94
S001437,2026-03-21,C049,INV-10891,8052.35
S001438,2026-03-21,C002,INV-10334,3531.38
S001439,2026-03-21,C056,INV-10773,1611.33
S001440,2026-03-21,C007,INV-10357,567.68
S001441,2026-03-21,C023,INV-10901,687.18
S001442,2026-03-21,C002,INV-10372,3662.0
S001443,2026-03-21,C021,INV-11023,631.65
S001444,2026-03-21,C049,INV-10731,1322.25
S001445,2026-03-21,C058,INV-10939,6553.77
S001446,2026-03-21,C042,INV-10095,3914.63
S001447,2026-03-21,C058,INV-11238,4775.05
S001448,2026-03-21,C051,INV-11474,13387.85
S001449,2026-03-21,C040,INV-10833,1638.33
S001450,2026-03-22,C018,INV-10345,1219.43
S001451,2026-03-22,C023,INV-10314,4351.45
S001452,2026-03-22,C047,,3135.33
S001453,2026-03-22,C016,INV-10593,2738.93
S001454,2026-03-22,C002,INV-11420,4643.94
S001455,2026-03-22,C039,INV-10243,7266.43
S001456,2026-03-22,C022,INV-11260,1411.93
S001457,2026-03-22,C008,INV-11470,3739.15
S001458,2026-03-22,C024,INV-10505,2195.01
S001459,2026-03-22,C017,INV-10855,750.0
S001460,2026-03-22,C013,INV-10129,3372.31
S001461,2026-03-22,C032,INV-10368,3899.22
S001462,2026-03-22,C055,INV-10691,4031.52
S001463,2026-03-22,C008,INV-10160,1407.14
S001464,2026-03-22,C040,INV-11327,4933.64
S001465,2026-03-22,C054,INV-10766,4951.72
S001466,2026-03-23,C030,INV-11065,3273.2
S001467,2026-03-23,C036,INV-10765,1714.28
S001468,2026-03-23,C025,INV-11207,2373.1
S001469,2026-03-23,C058,INV-10283,2862.58
S001470,2026-03-23,C045,INV-10249,3924.58
S001471,2026-03-23,C026,INV-11052,3151.31
S001472,2026-03-23,C045,INV-11154,12526.95
S001473,2026-03-23,C043,INV-10826,1500.0
S001474,2026-03-23,C036,INV-10397,3382.74
S001475,2026-03-23,C055,INV-11024,4603.01
S001476,2026-03-24,C050,INV-11364,3198.38
S001477,2026-03-24,C043,INV-10509,3920.25
S001478,2026-03-24,C003,INV-10188,4799.14
S001479,2026-03-25,C004,INV-10383,4765.3
S001480,2026-03-25,C022,INV-10393,500.0
S001481,2026-03-25,C021,INV-10399,5577.3
S001482,2026-03-25,C035,INV-11152,4180.27
