bank_id,value_date,reference,amount,description
B000001,2026-01-02,INV11385,6720.32,CUSTOMER PAYMENT
B000002,2026-01-02,INV10807,1807.27,CUSTOMER PAYMENT
B000003,2026-01-02,INV10895,3169.51,CUSTOMER PAYMENT
B000004,2026-01-02,INV11263,7981.41,CUSTOMER PAYMENT
B000005,2026-01-02,INV10672,7245.19,CUSTOMER PAYMENT
B000006,2026-01-02,INV11059,1827.35,CUSTOMER PAYMENT
B000007,2026-01-02,INV11202,1000.0,CUSTOMER PAYMENT
B000008,2026-01-02,INV10430,3170.27,CUSTOMER PAYMENT
B000009,2026-01-02,INV10018,4735.39,CUSTOMER PAYMENT
B000010,2026-01-02,INV10836,1372.94,CUSTOMER PAYMENT
B000011,2026-01-02,INV11072,4035.08,CUSTOMER PAYMENT
B000012,2026-01-02,INV10028,4627.41,CUSTOMER PAYMENT
B000013,2026-01-02,INV10946,2517.53,CUSTOMER PAYMENT
B000014,2026-01-02,INV10579,5380.67,CUSTOMER PAYMENT
B000015,2026-01-02,INV10059,3604.79,CUSTOMER PAYMENT
B000016,2026-01-02,INV11049,4679.34,CUSTOMER PAYMENT
B000017,2026-01-02,INV11271,476.24,CUSTOMER PAYMENT
B000018,2026-01-02,,2729.12,CUSTOMER PAYMENT
B000019,2026-01-02,INV10364,1984.59,CUSTOMER PAYMENT
B000020,2026-01-02,INV10656,4744.76,CUSTOMER PAYMENT
B000021,2026-01-03,INV11479,1303.54,CUSTOMER PAYMENT
B000022,2026-01-03,inv10323,2530.31,CUSTOMER PAYMENT
B000023,2026-01-03,INV10093,12115.65,CUSTOMER PAYMENT
B000024,2026-01-03,INV10251,4918.12,CUSTOMER PAYMENT
B000025,2026-01-03,INV10719,484.54,CUSTOMER PAYMENT
B000026,2026-01-03,INV10490,2630.66,CUSTOMER PAYMENT
B000027,2026-01-03,INV11172,1500.0,CUSTOMER PAYMENT
B000028,2026-01-03,INV10910,5760.77,CUSTOMER PAYMENT
B000029,2026-01-03,INV10266,1215.3,CUSTOMER PAYMENT
B000030,2026-01-03,INV10764,2073.3,CUSTOMER PAYMENT
B000031,2026-01-03,INV10554,5000.0,CUSTOMER PAYMENT
B000032,2026-01-03,INV11146,6628.38,CUSTOMER PAYMENT
B000033,2026-01-03,INV10596,1886.2,CUSTOMER PAYMENT
B000034,2026-01-03,INV10377,1389.95,CUSTOMER PAYMENT
B000035,2026-01-03,INV10885,5589.46,CUSTOMER PAYMENT
B000036,2026-01-03,INV10601,690.43,CUSTOMER PAYMENT
B000037,2026-01-03,INV11323,2758.55,CUSTOMER PAYMENT
B000038,2026-01-03,INV11110,1228.44,CUSTOMER PAYMENT
B000039,2026-01-04,INV10802,5214.72,CUSTOMER PAYMENT
B000040,2026-01-04,INV10358,8006.79,CUSTOMER PAYMENT
B000041,2026-01-04,INV10294,10233.52,CUSTOMER PAYMENT
B000042,2026-01-04,INV11497,4568.15,CUSTOMER PAYMENT
B000043,2026-01-04,INV11025,4914.03,CUSTOMER PAYMENT
B000044,2026-01-04,INV10322,2465.17,CUSTOMER PAYMENT
B000045,2026-01-04,INV10884,3883.51,CUSTOMER PAYMENT
B000046,2026-01-04,INV10568,2385.75,CUSTOMER PAYMENT
B000047,2026-01-04,INV11456,4690.88,CUSTOMER PAYMENT
B000048,2026-01-04,INV10948,9831.99,CUSTOMER PAYMENT
B000049,2026-01-04,INV10460,7020.22,CUSTOMER PAYMENT
B000050,2026-01-04,inv11309,1191.9,CUSTOMER PAYMENT
B000051,2026-01-04,INV11169,480.31,CUSTOMER PAYMENT
B000052,2026-01-04,inv10091,1139.97,CUSTOMER PAYMENT
B000053,2026-01-04,inv10228,2404.77,CUSTOMER PAYMENT
B000054,2026-01-04,INV11005,956.18,CUSTOMER PAYMENT
B000055,2026-01-05,INV10041,4946.77,CUSTOMER PAYMENT
B000056,2026-01-05,INV10757,453.66,CUSTOMER PAYMENT
B000057,2026-01-05,INV10346,8876.65,CUSTOMER PAYMENT
B000058,2026-01-05,INV11334,1172.76,CUSTOMER PAYMENT
B000059,2026-01-05,INV10503,598.65,CUSTOMER PAYMENT
B000060,2026-01-05,INV10727,3300.75,CUSTOMER PAYMENT
B000061,2026-01-05,inv11111,3336.93,CUSTOMER PAYMENT
B000062,2026-01-05,INV10192,3840.75,CUSTOMER PAYMENT
B000063,2026-01-05,INV10650,6280.51,CUSTOMER PAYMENT
B000064,2026-01-05,INV11343,5274.98,CUSTOMER PAYMENT
B000065,2026-01-05,INV10067,2609.98,CUSTOMER PAYMENT
B000066,2026-01-05,INV10945,470.54,CUSTOMER PAYMENT
B000067,2026-01-05,INV11170,940.76,CUSTOMER PAYMENT
B000068,2026-01-05,INV10171,8789.53,CUSTOMER PAYMENT
B000069,2026-01-05,INV10353,1888.0,CUSTOMER PAYMENT
B000070,2026-01-05,INV11407,1212.53,CUSTOMER PAYMENT
B000071,2026-01-05,INV10083,1530.16,CUSTOMER PAYMENT
B000072,2026-01-05,,2123.73,CUSTOMER PAYMENT
B000073,2026-01-06,INV10466,3702.49,CUSTOMER PAYMENT
B000074,2026-01-06,INV10902,7668.92,CUSTOMER PAYMENT
B000075,2026-01-06,INV10499,3825.52,CUSTOMER PAYMENT
B000076,2026-01-06,INV10698,6306.75,CUSTOMER PAYMENT
B000077,2026-01-06,INV11446,646.53,CUSTOMER PAYMENT
B000078,2026-01-06,INV11079,3068.6,CUSTOMER PAYMENT
B000079,2026-01-06,inv11322,36701.65,CUSTOMER PAYMENT
B000080,2026-01-06,INV10759,2884.07,CUSTOMER PAYMENT
B000081,2026-01-06,INV10307,2255.52,CUSTOMER PAYMENT
B000082,2026-01-06,INV10896,2443.08,CUSTOMER PAYMENT
B000083,2026-01-06,INV10172,1298.24,CUSTOMER PAYMENT
B000084,2026-01-06,INV11368,1716.71,CUSTOMER PAYMENT
B000085,2026-01-06,INV10232,8077.27,CUSTOMER PAYMENT
B000086,2026-01-06,INV10026,749.75,CUSTOMER PAYMENT
B000087,2026-01-06,INV10625,5244.79,CUSTOMER PAYMENT
B000088,2026-01-06,INV10990,3493.22,CUSTOMER PAYMENT
B000089,2026-01-06,INV11410,2351.88,CUSTOMER PAYMENT
B000090,2026-01-07,inv10349,3516.17,CUSTOMER PAYMENT
B000091,2026-01-07,inv11354,8605.69,CUSTOMER PAYMENT
B000092,2026-01-07,inv10210,4158.94,CUSTOMER PAYMENT
B000093,2026-01-07,INV10496,949.39,CUSTOMER PAYMENT
B000094,2026-01-07,INV11151,4533.54,CUSTOMER PAYMENT
B000095,2026-01-07,inv10931,4348.64,CUSTOMER PAYMENT
B000096,2026-01-07,INV10116,3352.41,CUSTOMER PAYMENT
B000097,2026-01-07,INV10351,5347.53,CUSTOMER PAYMENT
B000098,2026-01-07,INV11326,3599.66,CUSTOMER PAYMENT
B000099,2026-01-07,INV10162,2000.0,CUSTOMER PAYMENT
B000100,2026-01-07,INV11182,944.52,CUSTOMER PAYMENT
B000101,2026-01-07,inv10574,8895.94,CUSTOMER PAYMENT
B000102,2026-01-08,INV10250,1903.05,CUSTOMER PAYMENT
B000103,2026-01-08,INV10373,499.75,CUSTOMER PAYMENT
B000104,2026-01-08,INV11421,4126.7,CUSTOMER PAYMENT
B000105,2026-01-08,INV10275,3161.59,CUSTOMER PAYMENT
B000106,2026-01-08,INV11353,1135.84,CUSTOMER PAYMENT
B000107,2026-01-08,INV10572,2111.16,CUSTOMER PAYMENT
B000108,2026-01-08,INV11166,8764.43,CUSTOMER PAYMENT
B000109,2026-01-08,INV10106,3776.52,CUSTOMER PAYMENT
B000110,2026-01-08,INV11243,2715.3,CUSTOMER PAYMENT
B000111,2026-01-08,INV10969,6398.23,CUSTOMER PAYMENT
B000112,2026-01-08,INV10706,352.52,CUSTOMER PAYMENT
B000113,2026-01-08,INV11232,6716.24,CUSTOMER PAYMENT
B000114,2026-01-08,INV10705,1208.0,CUSTOMER PAYMENT
B000115,2026-01-08,INV10602,48000.0,CUSTOMER PAYMENT
B000116,2026-01-08,,5008.98,CUSTOMER PAYMENT
B000117,2026-01-08,INV10752,936.96,CUSTOMER PAYMENT
B000118,2026-01-08,INV10787,4616.74,CUSTOMER PAYMENT
B000119,2026-01-08,INV10036,3231.8,CUSTOMER PAYMENT
B000120,2026-01-09,inv11188,4146.93,CUSTOMER PAYMENT
B000121,2026-01-09,INV10992,7249.21,CUSTOMER PAYMENT
B000122,2026-01-09,,1168.32,CUSTOMER PAYMENT
B000123,2026-01-09,INV10782,2934.3,CUSTOMER PAYMENT
B000124,2026-01-09,INV10905,10960.17,CUSTOMER PAYMENT
B000125,2026-01-09,INV10046,1937.11,CUSTOMER PAYMENT
B000126,2026-01-09,INV10227,9648.62,CUSTOMER PAYMENT
B000127,2026-01-09,INV10180,3401.69,CUSTOMER PAYMENT
B000128,2026-01-09,INV10746,2103.75,CUSTOMER PAYMENT
B000129,2026-01-09,INV10713,1283.5,CUSTOMER PAYMENT
B000130,2026-01-09,INV11113,1887.45,CUSTOMER PAYMENT
B000131,2026-01-09,INV11261,12527.76,CUSTOMER PAYMENT
B000132,2026-01-09,INV10508,2840.97,CUSTOMER PAYMENT
B000133,2026-01-09,inv11125,4850.79,CUSTOMER PAYMENT
B000134,2026-01-09,INV10926,3357.79,CUSTOMER PAYMENT
B000135,2026-01-09,inv10053,9705.83,CUSTOMER PAYMENT
B000136,2026-01-09,INV10883,9069.07,CUSTOMER PAYMENT
B000137,2026-01-09,INV11132,2956.66,CUSTOMER PAYMENT
B000138,2026-01-09,INV11114,1298.28,CUSTOMER PAYMENT
B000139,2026-01-09,INV10060,1500.0,CUSTOMER PAYMENT
B000140,2026-01-09,INV10721,8441.92,CUSTOMER PAYMENT
B000141,2026-01-09,INV10597,2952.83,CUSTOMER PAYMENT
B000142,2026-01-09,INV10394,3281.73,CUSTOMER PAYMENT
B000143,2026-01-10,INV10655,1342.23,CUSTOMER PAYMENT
B000144,2026-01-10,INV10906,7687.46,CUSTOMER PAYMENT
B000145,2026-01-10,INV10519,2745.06,CUSTOMER PAYMENT
B000146,2026-01-10,INV10109,3250.32,CUSTOMER PAYMENT
B000147,2026-01-10,INV10880,5227.54,CUSTOMER PAYMENT
B000148,2026-01-10,INV10048,1568.12,CUSTOMER PAYMENT
B000149,2026-01-10,INV10355,2207.91,CUSTOMER PAYMENT
B000150,2026-01-10,INV11463,1511.98,CUSTOMER PAYMENT
B000151,2026-01-10,INV11365,1837.84,CUSTOMER PAYMENT
B000152,2026-01-10,INV11136,8199.96,CUSTOMER PAYMENT
B000153,2026-01-10,INV10408,1626.13,CUSTOMER PAYMENT
B000154,2026-01-10,,4068.25,CUSTOMER PAYMENT
B000155,2026-01-10,INV11063,5495.96,CUSTOMER PAYMENT
B000156,2026-01-10,inv10955,459.67,CUSTOMER PAYMENT
B000157,2026-01-10,INV10814,5561.95,CUSTOMER PAYMENT
B000158,2026-01-10,INV10686,9328.33,CUSTOMER PAYMENT
B000159,2026-01-10,inv10483,700.85,CUSTOMER PAYMENT
B000160,2026-01-10,INV11495,5514.95,CUSTOMER PAYMENT
B000161,2026-01-10,INV10634,4659.35,CUSTOMER PAYMENT
B000162,2026-01-10,INV10225,5544.33,CUSTOMER PAYMENT
B000163,2026-01-10,INV10396,2000.0,CUSTOMER PAYMENT
B000164,2026-01-11,INV10616,5153.23,CUSTOMER PAYMENT
B000165,2026-01-11,inv11197,1710.11,CUSTOMER PAYMENT
B000166,2026-01-11,INV11402,4307.23,CUSTOMER PAYMENT
B000167,2026-01-11,INV10403,6012.27,CUSTOMER PAYMENT
B000168,2026-01-11,INV10214,40115.5,CUSTOMER PAYMENT
B000169,2026-01-11,INV10305,4090.74,CUSTOMER PAYMENT
B000170,2026-01-11,INV11331,500.0,CUSTOMER PAYMENT
B000171,2026-01-11,INV10550,4154.48,CUSTOMER PAYMENT
B000172,2026-01-11,INV11242,627.25,CUSTOMER PAYMENT
B000173,2026-01-11,INV11408,750.0,CUSTOMER PAYMENT
B000174,2026-01-11,INV10419,11681.26,CUSTOMER PAYMENT
B000175,2026-01-11,INV10072,1084.07,CUSTOMER PAYMENT
B000176,2026-01-11,INV11060,7341.38,CUSTOMER PAYMENT
B000177,2026-01-11,inv11386,3090.91,CUSTOMER PAYMENT
B000178,2026-01-11,INV10921,3537.31,CUSTOMER PAYMENT
B000179,2026-01-11,INV10269,6171.84,CUSTOMER PAYMENT
B000180,2026-01-11,INV10653,5250.55,CUSTOMER PAYMENT
B000181,2026-01-11,INV10681,13557.73,CUSTOMER PAYMENT
B000182,2026-01-11,INV10450,3534.96,CUSTOMER PAYMENT
B000183,2026-01-11,INV11058,3074.55,CUSTOMER PAYMENT
B000184,2026-01-11,INV11022,2736.55,CUSTOMER PAYMENT
B000185,2026-01-11,INV10588,3534.27,CUSTOMER PAYMENT
B000186,2026-01-11,INV10714,1136.64,CUSTOMER PAYMENT
B000187,2026-01-11,INV11477,10546.38,CUSTOMER PAYMENT
B000188,2026-01-11,INV10957,2500.0,CUSTOMER PAYMENT
B000189,2026-01-12,INV10380,5000.0,CUSTOMER PAYMENT
B000190,2026-01-12,INV10529,4550.24,CUSTOMER PAYMENT
B000191,2026-01-12,INV10704,9350.24,CUSTOMER PAYMENT
B000192,2026-01-12,INV11209,2544.18,CUSTOMER PAYMENT
B000193,2026-01-12,INV10678,3960.66,CUSTOMER PAYMENT
B000194,2026-01-12,INV11045,2390.65,CUSTOMER PAYMENT
B000195,2026-01-12,INV11201,3871.34,CUSTOMER PAYMENT
B000196,2026-01-12,INV10709,4999.65,CUSTOMER PAYMENT
B000197,2026-01-12,INV11404,15078.57,CUSTOMER PAYMENT
B000198,2026-01-12,INV11342,3358.61,CUSTOMER PAYMENT
B000199,2026-01-12,INV11003,3767.21,CUSTOMER PAYMENT
B000200,2026-01-12,INV10576,8826.6,CUSTOMER PAYMENT
B000201,2026-01-12,INV10893,11097.14,CUSTOMER PAYMENT
B000202,2026-01-12,INV10268,1930.57,CUSTOMER PAYMENT
B000203,2026-01-12,INV10737,2251.37,CUSTOMER PAYMENT
B000204,2026-01-12,INV10461,6615.78,CUSTOMER PAYMENT
B000205,2026-01-12,INV10297,500.0,CUSTOMER PAYMENT
B000206,2026-01-12,INV10613,783.92,CUSTOMER PAYMENT
B000207,2026-01-13,INV11291,1759.43,CUSTOMER PAYMENT
B000208,2026-01-13,INV11250,8808.26,CUSTOMER PAYMENT
B000209,2026-01-13,INV11304,2928.67,CUSTOMER PAYMENT
B000210,2026-01-13,INV10272,7597.44,CUSTOMER PAYMENT
B000211,2026-01-13,INV10887,2000.0,CUSTOMER PAYMENT
B000212,2026-01-13,INV10146,1253.23,CUSTOMER PAYMENT
B000213,2026-01-13,INV10032,1354.03,CUSTOMER PAYMENT
B000214,2026-01-13,INV11004,6905.09,CUSTOMER PAYMENT
B000215,2026-01-13,INV10542,4300.29,CUSTOMER PAYMENT
B000216,2026-01-13,inv10190,5735.67,CUSTOMER PAYMENT
B000217,2026-01-13,INV11033,2500.0,CUSTOMER PAYMENT
B000218,2026-01-13,INV11070,1000.0,CUSTOMER PAYMENT
B000219,2026-01-13,INV11485,628.9,CUSTOMER PAYMENT
B000220,2026-01-13,INV10937,1611.09,CUSTOMER PAYMENT
B000221,2026-01-13,inv11329,3294.6,CUSTOMER PAYMENT
B000222,2026-01-13,INV10247,500.0,CUSTOMER PAYMENT
B000223,2026-01-13,INV10379,5515.96,CUSTOMER PAYMENT
B000224,2026-01-13,INV10801,2639.86,CUSTOMER PAYMENT
B000225,2026-01-13,INV11363,2303.04,CUSTOMER PAYMENT
B000226,2026-01-13,INV10421,13712.91,CUSTOMER PAYMENT
B000227,2026-01-13,INV10010,1147.59,CUSTOMER PAYMENT
B000228,2026-01-13,INV11401,1039.77,CUSTOMER PAYMENT
B000229,2026-01-14,INV10868,16088.16,CUSTOMER PAYMENT
B000230,2026-01-14,INV10692,1969.09,CUSTOMER PAYMENT
B000231,2026-01-14,INV10976,750.0,CUSTOMER PAYMENT
B000232,2026-01-14,INV10003,1472.65,CUSTOMER PAYMENT
B000233,2026-01-14,inv11200,750.0,CUSTOMER PAYMENT
B000234,2026-01-14,INV11371,5715.91,CUSTOMER PAYMENT
B000235,2026-01-14,INV11094,829.07,CUSTOMER PAYMENT
B000236,2026-01-14,inv11031,890.09,CUSTOMER PAYMENT
B000237,2026-01-14,INV11366,1817.6,CUSTOMER PAYMENT
B000238,2026-01-14,INV10742,10488.32,CUSTOMER PAYMENT
B000239,2026-01-14,inv11083,1000.0,CUSTOMER PAYMENT
B000240,2026-01-14,INV10218,3807.66,CUSTOMER PAYMENT
B000241,2026-01-14,INV10501,1000.0,CUSTOMER PAYMENT
B000242,2026-01-14,INV10607,6816.52,CUSTOMER PAYMENT
B000243,2026-01-14,INV11468,4363.34,CUSTOMER PAYMENT
B000244,2026-01-14,INV11173,1123.02,CUSTOMER PAYMENT
B000245,2026-01-14,INV10296,1460.91,CUSTOMER PAYMENT
B000246,2026-01-14,INV10495,4574.25,CUSTOMER PAYMENT
B000247,2026-01-14,INV10571,3509.41,CUSTOMER PAYMENT
B000248,2026-01-14,inv11376,652.0,CUSTOMER PAYMENT
B000249,2026-01-15,INV10513,4547.73,CUSTOMER PAYMENT
B000250,2026-01-15,INV10603,2611.88,CUSTOMER PAYMENT
B000251,2026-01-15,INV10535,2170.47,CUSTOMER PAYMENT
B000252,2026-01-15,INV11258,2386.96,CUSTOMER PAYMENT
B000253,2026-01-15,INV10486,4750.47,CUSTOMER PAYMENT
B000254,2026-01-15,INV11394,2984.79,CUSTOMER PAYMENT
B000255,2026-01-15,inv10220,1430.99,CUSTOMER PAYMENT
B000256,2026-01-15,INV10152,1897.55,CUSTOMER PAYMENT
B000257,2026-01-15,inv11167,11293.4,CUSTOMER PAYMENT
B000258,2026-01-15,inv11074,500.0,CUSTOMER PAYMENT
B000259,2026-01-15,INV10124,806.95,CUSTOMER PAYMENT
B000260,2026-01-15,INV11482,1832.92,CUSTOMER PAYMENT
B000261,2026-01-15,INV11302,2122.53,CUSTOMER PAYMENT
B000262,2026-01-15,INV11120,2800.75,CUSTOMER PAYMENT
B000263,2026-01-15,INV10879,2407.46,CUSTOMER PAYMENT
B000264,2026-01-15,INV10555,13390.67,CUSTOMER PAYMENT
B000265,2026-01-15,INV10274,12531.73,CUSTOMER PAYMENT
B000266,2026-01-15,INV10320,2500.0,CUSTOMER PAYMENT
B000267,2026-01-15,INV10385,9853.72,CUSTOMER PAYMENT
B000268,2026-01-15,INV11135,1493.09,CUSTOMER PAYMENT
B000269,2026-01-16,INV10216,5555.67,CUSTOMER PAYMENT
B000270,2026-01-16,INV10739,9646.37,CUSTOMER PAYMENT
B000271,2026-01-16,INV11106,1277.1,CUSTOMER PAYMENT
B000272,2026-01-16,INV10953,17900.17,CUSTOMER PAYMENT
B000273,2026-01-16,INV10309,2505.89,CUSTOMER PAYMENT
B000274,2026-01-16,INV11245,459.66,CUSTOMER PAYMENT
B000275,2026-01-16,INV11461,5867.8,CUSTOMER PAYMENT
B000276,2026-01-16,INV10977,893.69,CUSTOMER PAYMENT
B000277,2026-01-16,INV10975,11748.95,CUSTOMER PAYMENT
B000278,2026-01-16,INV11471,2423.06,CUSTOMER PAYMENT
B000279,2026-01-16,INV11095,2480.93,CUSTOMER PAYMENT
B000280,2026-01-16,inv10084,4797.67,CUSTOMER PAYMENT
B000281,2026-01-16,INV10935,6549.61,CUSTOMER PAYMENT
B000282,2026-01-16,INV10332,6181.09,CUSTOMER PAYMENT
B000283,2026-01-16,INV11312,3120.32,CUSTOMER PAYMENT
B000284,2026-01-16,INV10548,120.0,CUSTOMER PAYMENT
B000285,2026-01-16,INV10580,1515.06,CUSTOMER PAYMENT
B000286,2026-01-17,inv10261,5386.77,CUSTOMER PAYMENT
B000287,2026-01-17,INV11253,1500.0,CUSTOMER PAYMENT
B000288,2026-01-17,INV10487,2000.0,CUSTOMER PAYMENT
B000289,2026-01-17,INV10750,1500.0,CUSTOMER PAYMENT
B000290,2026-01-17,INV11028,6407.89,CUSTOMER PAYMENT
B000291,2026-01-17,INV11426,5000.0,CUSTOMER PAYMENT
B000292,2026-01-17,INV11358,6548.9,CUSTOMER PAYMENT
B000293,2026-01-17,INV11378,4810.82,CUSTOMER PAYMENT
B000294,2026-01-17,INV11288,14561.46,CUSTOMER PAYMENT
B000295,2026-01-17,INV10327,5955.08,CUSTOMER PAYMENT
B000296,2026-01-17,INV11356,1307.67,CUSTOMER PAYMENT
B000297,2026-01-17,INV10805,11671.5,CUSTOMER PAYMENT
B000298,2026-01-17,INV11416,1169.9,CUSTOMER PAYMENT
B000299,2026-01-17,INV10642,499.75,CUSTOMER PAYMENT
B000300,2026-01-17,INV10097,3911.66,CUSTOMER PAYMENT
B000301,2026-01-18,INV10528,1146.84,CUSTOMER PAYMENT
B000302,2026-01-18,INV10949,3689.72,CUSTOMER PAYMENT
B000303,2026-01-18,INV10465,3477.35,CUSTOMER PAYMENT
B000304,2026-01-18,INV11290,4606.39,CUSTOMER PAYMENT
B000305,2026-01-18,INV11168,2759.27,CUSTOMER PAYMENT
B000306,2026-01-18,INV10122,3177.32,CUSTOMER PAYMENT
B000307,2026-01-18,,899.58,CUSTOMER PAYMENT
B000308,2026-01-18,INV10647,9425.57,CUSTOMER PAYMENT
B000309,2026-01-18,INV10406,11984.5,CUSTOMER PAYMENT
B000310,2026-01-18,INV11069,3559.66,CUSTOMER PAYMENT
B000311,2026-01-18,inv10045,3307.78,CUSTOMER PAYMENT
B000312,2026-01-19,INV11453,4722.85,CUSTOMER PAYMENT
B000313,2026-01-19,INV10689,3366.92,CUSTOMER PAYMENT
B000314,2026-01-19,,4970.88,CUSTOMER PAYMENT
B000315,2026-01-19,INV10993,9667.11,CUSTOMER PAYMENT
B000316,2026-01-19,INV10723,582.34,CUSTOMER PAYMENT
B000317,2026-01-19,INV11211,873.79,CUSTOMER PAYMENT
B000318,2026-01-19,INV10131,6352.32,CUSTOMER PAYMENT
B000319,2026-01-20,INV10463,1177.05,CUSTOMER PAYMENT
B000320,2026-01-20,INV11391,1744.31,CUSTOMER PAYMENT
B000321,2026-01-20,INV11448,4009.04,CUSTOMER PAYMENT
B000322,2026-01-20,INV10924,1972.41,CUSTOMER PAYMENT
B000323,2026-01-20,INV10989,25585.12,CUSTOMER PAYMENT
B000324,2026-01-20,INV11498,969.86,CUSTOMER PAYMENT
B000325,2026-01-20,inv10738,2280.88,CUSTOMER PAYMENT
B000326,2026-01-20,INV10126,8301.63,CUSTOMER PAYMENT
B000327,2026-01-20,inv11318,1025.03,CUSTOMER PAYMENT
B000328,2026-01-20,INV10577,3369.69,CUSTOMER PAYMENT
B000329,2026-01-20,INV11159,2443.93,CUSTOMER PAYMENT
B000330,2026-01-20,INV11266,5326.64,CUSTOMER PAYMENT
B000331,2026-01-20,INV11372,1041.4,CUSTOMER PAYMENT
B000332,2026-01-20,INV10136,2018.38,CUSTOMER PAYMENT
B000333,2026-01-20,INV11247,2525.36,CUSTOMER PAYMENT
B000334,2026-01-20,INV11119,2218.41,CUSTOMER PAYMENT
B000335,2026-01-20,INV10628,4629.0,CUSTOMER PAYMENT
B000336,2026-01-20,inv11400,2636.67,CUSTOMER PAYMENT
B000337,2026-01-20,INV10641,1476.78,CUSTOMER PAYMENT
B000338,2026-01-21,INV10484,5000.0,CUSTOMER PAYMENT
B000339,2026-01-21,INV10687,3407.84,CUSTOMER PAYMENT
B000340,2026-01-21,inv10387,1742.9,CUSTOMER PAYMENT
B000341,2026-01-21,INV10418,307.73,CUSTOMER PAYMENT
B000342,2026-01-21,INV10956,2588.04,CUSTOMER PAYMENT
B000343,2026-01-21,INV11276,2228.56,CUSTOMER PAYMENT
B000344,2026-01-21,INV10390,1070.59,CUSTOMER PAYMENT
B000345,2026-01-21,INV11050,5108.19,CUSTOMER PAYMENT
B000346,2026-01-21,INV10197,3162.95,CUSTOMER PAYMENT
B000347,2026-01-21,inv11387,2000.0,CUSTOMER PAYMENT
B000348,2026-01-21,inv10909,1577.39,CUSTOMER PAYMENT
B000349,2026-01-21,INV10701,3133.78,CUSTOMER PAYMENT
B000350,2026-01-21,INV10740,8049.26,CUSTOMER PAYMENT
B000351,2026-01-21,INV10110,1904.4,CUSTOMER PAYMENT
B000352,2026-01-21,INV10102,1667.36,CUSTOMER PAYMENT
B000353,2026-01-21,inv10673,3285.87,CUSTOMER PAYMENT
B000354,2026-01-21,inv10684,16722.98,CUSTOMER PAYMENT
B000355,2026-01-21,INV10897,2638.26,CUSTOMER PAYMENT
B000356,2026-01-21,INV11483,1999.25,CUSTOMER PAYMENT
B000357,2026-01-21,INV11175,780.98,CUSTOMER PAYMENT
B000358,2026-01-21,inv10913,2500.0,CUSTOMER PAYMENT
B000359,2026-01-21,INV11096,3329.91,CUSTOMER PAYMENT
B000360,2026-01-21,INV10667,1069.73,CUSTOMER PAYMENT
B000361,2026-01-22,INV11362,5321.68,CUSTOMER PAYMENT
B000362,2026-01-22,INV10940,1674.67,CUSTOMER PAYMENT
B000363,2026-01-22,inv11020,2133.63,CUSTOMER PAYMENT
B000364,2026-01-22,inv10475,5185.25,CUSTOMER PAYMENT
B000365,2026-01-22,INV10959,4670.91,CUSTOMER PAYMENT
B000366,2026-01-22,INV11082,1486.18,CUSTOMER PAYMENT
B000367,2026-01-22,INV10284,3217.38,CUSTOMER PAYMENT
B000368,2026-01-22,INV10470,3223.94,CUSTOMER PAYMENT
B000369,2026-01-22,INV11350,9785.63,CUSTOMER PAYMENT
B000370,2026-01-22,INV11455,3031.1,CUSTOMER PAYMENT
B000371,2026-01-22,INV11492,2277.13,CUSTOMER PAYMENT
B000372,2026-01-23,INV10861,2948.71,CUSTOMER PAYMENT
B000373,2026-01-23,INV11054,5294.86,CUSTOMER PAYMENT
B000374,2026-01-23,INV10457,3120.13,CUSTOMER PAYMENT
B000375,2026-01-23,INV11257,2596.35,CUSTOMER PAYMENT
B000376,2026-01-23,INV10872,1000.0,CUSTOMER PAYMENT
B000377,2026-01-23,INV10061,5796.1,CUSTOMER PAYMENT
B000378,2026-01-23,INV11187,4839.86,CUSTOMER PAYMENT
B000379,2026-01-23,INV10600,5439.8,CUSTOMER PAYMENT
B000380,2026-01-23,INV11484,2500.0,CUSTOMER PAYMENT
B000381,2026-01-23,INV11346,500.0,CUSTOMER PAYMENT
B000382,2026-01-23,INV10302,6073.47,CUSTOMER PAYMENT
B000383,2026-01-23,INV10649,6517.59,CUSTOMER PAYMENT
B000384,2026-01-23,INV10903,2265.35,CUSTOMER PAYMENT
B000385,2026-01-23,inv10456,7058.34,CUSTOMER PAYMENT
B000386,2026-01-23,INV10056,1422.4,CUSTOMER PAYMENT
B000387,2026-01-23,INV11255,5784.89,CUSTOMER PAYMENT
B000388,2026-01-23,INV10417,5505.75,CUSTOMER PAYMENT
B000389,2026-01-23,INV10444,11719.16,CUSTOMER PAYMENT
B000390,2026-01-24,INV10208,3035.77,CUSTOMER PAYMENT
B000391,2026-01-24,INV10546,1706.32,CUSTOMER PAYMENT
B000392,2026-01-24,INV10330,4392.87,CUSTOMER PAYMENT
B000393,2026-01-24,INV10539,1291.81,CUSTOMER PAYMENT
B000394,2026-01-24,INV10258,4952.02,CUSTOMER PAYMENT
B000395,2026-01-24,inv10761,4569.9,CUSTOMER PAYMENT
B000396,2026-01-24,INV10340,2363.17,CUSTOMER PAYMENT
B000397,2026-01-24,inv11412,1121.66,CUSTOMER PAYMENT
B000398,2026-01-24,INV10623,2306.95,CUSTOMER PAYMENT
B000399,2026-01-24,INV11147,6977.94,CUSTOMER PAYMENT
B000400,2026-01-24,inv11311,4244.35,CUSTOMER PAYMENT
B000401,2026-01-24,INV10117,1500.0,CUSTOMER PAYMENT
B000402,2026-01-24,,1726.13,CUSTOMER PAYMENT
B000403,2026-01-24,,4199.33,CUSTOMER PAYMENT
B000404,2026-01-24,INV10223,683.69,CUSTOMER PAYMENT
B000405,2026-01-24,INV11174,3033.74,CUSTOMER PAYMENT
B000406,2026-01-24,INV10479,5063.15,CUSTOMER PAYMENT
B000407,2026-01-24,INV10869,2243.5,CUSTOMER PAYMENT
B000408,2026-01-24,INV11324,5690.59,CUSTOMER PAYMENT
B000409,2026-01-25,INV10578,3386.69,CUSTOMER PAYMENT
B000410,2026-01-25,INV11413,500.0,CUSTOMER PAYMENT
B000411,2026-01-25,INV11281,2248.62,CUSTOMER PAYMENT
B000412,2026-01-25,INV10608,3866.74,CUSTOMER PAYMENT
B000413,2026-01-25,INV10447,3472.49,CUSTOMER PAYMENT
B000414,2026-01-25,INV11037,1500.0,CUSTOMER PAYMENT
B000415,2026-01-25,inv10867,2954.22,CUSTOMER PAYMENT
B000416,2026-01-25,INV11361,11843.45,CUSTOMER PAYMENT
B000417,2026-01-25,INV10282,6413.7,CUSTOMER PAYMENT
B000418,2026-01-25,INV11161,19375.66,CUSTOMER PAYMENT
B000419,2026-01-25,INV10510,1977.47,CUSTOMER PAYMENT
B000420,2026-01-25,INV11015,4235.32,CUSTOMER PAYMENT
B000421,2026-01-25,INV10631,2472.97,CUSTOMER PAYMENT
B000422,2026-01-25,INV10151,864.95,CUSTOMER PAYMENT
B000423,2026-01-25,INV10823,7004.94,CUSTOMER PAYMENT
B000424,2026-01-25,INV10747,973.23,CUSTOMER PAYMENT
B000425,2026-01-25,INV10326,12054.05,CUSTOMER PAYMENT
B000426,2026-01-25,INV10860,3934.11,CUSTOMER PAYMENT
B000427,2026-01-25,INV11009,627.48,CUSTOMER PAYMENT
B000428,2026-01-25,inv10612,6210.39,CUSTOMER PAYMENT
B000429,2026-01-25,INV10234,1544.87,CUSTOMER PAYMENT
B000430,2026-01-25,INV11208,4647.39,CUSTOMER PAYMENT
B000431,2026-01-25,INV10432,2602.82,CUSTOMER PAYMENT
B000432,2026-01-25,INV11064,1487.97,CUSTOMER PAYMENT
B000433,2026-01-26,inv10051,3194.48,CUSTOMER PAYMENT
B000434,2026-01-26,INV10583,759.5,CUSTOMER PAYMENT
B000435,2026-01-26,INV11048,1314.41,CUSTOMER PAYMENT
B000436,2026-01-26,INV10725,1449.52,CUSTOMER PAYMENT
B000437,2026-01-26,INV10115,3401.42,CUSTOMER PAYMENT
B000438,2026-01-26,INV11379,1214.74,CUSTOMER PAYMENT
B000439,2026-01-26,INV10783,3531.89,CUSTOMER PAYMENT
B000440,2026-01-26,INV10696,2323.38,CUSTOMER PAYMENT
B000441,2026-01-26,INV10853,2937.01,CUSTOMER PAYMENT
B000442,2026-01-26,INV11443,1044.32,CUSTOMER PAYMENT
B000443,2026-01-26,INV10052,2307.62,CUSTOMER PAYMENT
B000444,2026-01-26,INV10622,9168.15,CUSTOMER PAYMENT
B000445,2026-01-26,INV11128,449.76,CUSTOMER PAYMENT
B000446,2026-01-26,INV11384,1227.68,CUSTOMER PAYMENT
B000447,2026-01-26,INV10974,601.98,CUSTOMER PAYMENT
B000448,2026-01-26,INV10620,4547.42,CUSTOMER PAYMENT
B000449,2026-01-26,INV11204,3240.53,CUSTOMER PAYMENT
B000450,2026-01-26,INV10035,11932.56,CUSTOMER PAYMENT
B000451,2026-01-26,INV10191,269.4,CUSTOMER PAYMENT
B000452,2026-01-26,INV10198,1125.62,CUSTOMER PAYMENT
B000453,2026-01-27,INV11018,999.75,CUSTOMER PAYMENT
B000454,2026-01-27,INV11451,9811.97,CUSTOMER PAYMENT
B000455,2026-01-27,INV11244,1629.57,CUSTOMER PAYMENT
B000456,2026-01-27,INV10565,797.63,CUSTOMER PAYMENT
B000457,2026-01-27,INV10471,4042.61,CUSTOMER PAYMENT
B000458,2026-01-27,INV11380,5323.15,CUSTOMER PAYMENT
B000459,2026-01-27,INV10433,940.75,CUSTOMER PAYMENT
B000460,2026-01-27,INV11305,3186.68,CUSTOMER PAYMENT
B000461,2026-01-27,INV10658,4476.75,CUSTOMER PAYMENT
B000462,2026-01-27,INV10316,1923.36,CUSTOMER PAYMENT
B000463,2026-01-27,INV10252,29218.89,CUSTOMER PAYMENT
B000464,2026-01-27,INV10239,2409.68,CUSTOMER PAYMENT
B000465,2026-01-27,INV10224,4000.04,CUSTOMER PAYMENT
B000466,2026-01-27,INV10584,3951.67,CUSTOMER PAYMENT
B000467,2026-01-27,INV10768,873.79,CUSTOMER PAYMENT
B000468,2026-01-27,INV10986,885.79,CUSTOMER PAYMENT
B000469,2026-01-27,INV11469,1355.05,CUSTOMER PAYMENT
B000470,2026-01-27,INV10221,4165.31,CUSTOMER PAYMENT
B000471,2026-01-27,INV10873,8195.1,CUSTOMER PAYMENT
B000472,2026-01-27,INV10238,791.99,CUSTOMER PAYMENT
B000473,2026-01-27,INV10543,5887.33,CUSTOMER PAYMENT
B000474,2026-01-27,INV10821,3400.2,CUSTOMER PAYMENT
B000475,2026-01-27,inv11140,4633.0,CUSTOMER PAYMENT
B000476,2026-01-28,INV10280,749.65,CUSTOMER PAYMENT
B000477,2026-01-28,INV10264,2172.2,CUSTOMER PAYMENT
B000478,2026-01-28,INV10183,336.76,CUSTOMER PAYMENT
B000479,2026-01-28,INV10300,1246.82,CUSTOMER PAYMENT
B000480,2026-01-28,INV10064,5307.15,CUSTOMER PAYMENT
B000481,2026-01-28,INV10174,3729.63,CUSTOMER PAYMENT
B000482,2026-01-28,inv10961,721.49,CUSTOMER PAYMENT
B000483,2026-01-28,INV11051,3472.31,CUSTOMER PAYMENT
B000484,2026-01-28,INV11240,1685.48,CUSTOMER PAYMENT
B000485,2026-01-28,INV10547,1871.12,CUSTOMER PAYMENT
B000486,2026-01-28,INV10248,15857.45,CUSTOMER PAYMENT
B000487,2026-01-28,INV11396,4197.75,CUSTOMER PAYMENT
B000488,2026-01-28,INV11300,4492.48,CUSTOMER PAYMENT
B000489,2026-01-28,INV11099,4003.06,CUSTOMER PAYMENT
B000490,2026-01-28,INV10668,4153.9,CUSTOMER PAYMENT
B000491,2026-01-28,INV10075,5574.7,CUSTOMER PAYMENT
B000492,2026-01-29,INV10857,4294.39,CUSTOMER PAYMENT
B000493,2026-01-29,INV10943,1164.73,CUSTOMER PAYMENT
B000494,2026-01-29,INV10468,4310.64,CUSTOMER PAYMENT
B000495,2026-01-29,INV10888,500.0,CUSTOMER PAYMENT
B000496,2026-01-29,INV10599,559.83,CUSTOMER PAYMENT
B000497,2026-01-29,inv10733,11656.02,CUSTOMER PAYMENT
B000498,2026-01-29,INV11137,1895.94,CUSTOMER PAYMENT
B000499,2026-01-29,inv10014,10915.33,CUSTOMER PAYMENT
B000500,2026-01-29,INV11308,2000.0,CUSTOMER PAYMENT
B000501,2026-01-29,INV10391,740.58,CUSTOMER PAYMENT
B000502,2026-01-29,INV10663,1205.63,CUSTOMER PAYMENT
B000503,2026-01-29,INV10606,2052.44,CUSTOMER PAYMENT
B000504,2026-01-29,INV11459,3102.24,CUSTOMER PAYMENT
B000505,2026-01-30,INV11298,10098.97,CUSTOMER PAYMENT
B000506,2026-01-30,INV10938,1827.96,CUSTOMER PAYMENT
B000507,2026-01-30,INV10838,1132.47,CUSTOMER PAYMENT
B000508,2026-01-30,INV10736,669.79,CUSTOMER PAYMENT
B000509,2026-01-30,,1988.62,CUSTOMER PAYMENT
B000510,2026-01-30,INV11210,5676.68,CUSTOMER PAYMENT
B000511,2026-01-30,INV10424,6443.03,CUSTOMER PAYMENT
B000512,2026-01-31,INV10195,3763.99,CUSTOMER PAYMENT
B000513,2026-01-31,INV11339,1404.3,CUSTOMER PAYMENT
B000514,2026-01-31,INV10236,1604.25,CUSTOMER PAYMENT
B000515,2026-01-31,INV10994,4548.53,CUSTOMER PAYMENT
B000516,2026-01-31,INV11121,422.46,CUSTOMER PAYMENT
B000517,2026-01-31,INV11310,16134.44,CUSTOMER PAYMENT
B000518,2026-01-31,INV10819,2000.0,CUSTOMER PAYMENT
B000519,2026-01-31,INV11340,9319.45,CUSTOMER PAYMENT
B000520,2026-01-31,INV11406,1999.25,CUSTOMER PAYMENT
B000521,2026-01-31,inv10128,4025.78,CUSTOMER PAYMENT
B000522,2026-01-31,INV10741,3318.06,CUSTOMER PAYMENT
B000523,2026-01-31,INV10169,2900.61,CUSTOMER PAYMENT
B000524,2026-01-31,INV11066,6848.88,CUSTOMER PAYMENT
B000525,2026-01-31,INV10439,3414.28,CUSTOMER PAYMENT
B000526,2026-01-31,INV10442,2403.76,CUSTOMER PAYMENT
B000527,2026-01-31,inv10281,1655.48,CUSTOMER PAYMENT
B000528,2026-01-31,INV10835,1134.43,CUSTOMER PAYMENT
B000529,2026-01-31,INV10404,8186.27,CUSTOMER PAYMENT
B000530,2026-01-31,INV10637,1235.79,CUSTOMER PAYMENT
B000531,2026-01-31,INV11163,7013.88,CUSTOMER PAYMENT
B000532,2026-01-31,inv10575,2665.86,CUSTOMER PAYMENT
B000533,2026-01-31,INV11295,2663.1,CUSTOMER PAYMENT
B000534,2026-02-01,INV10140,7686.36,CUSTOMER PAYMENT
B000535,2026-02-01,INV10367,4080.57,CUSTOMER PAYMENT
B000536,2026-02-01,INV10551,903.79,CUSTOMER PAYMENT
B000537,2026-02-01,INV10516,11541.47,CUSTOMER PAYMENT
B000538,2026-02-01,INV10889,3758.49,CUSTOMER PAYMENT
B000539,2026-02-01,INV10063,2033.16,CUSTOMER PAYMENT
B000540,2026-02-01,INV11490,3649.15,CUSTOMER PAYMENT
B000541,2026-02-01,INV11435,933.93,CUSTOMER PAYMENT
B000542,2026-02-01,INV11452,2487.91,CUSTOMER PAYMENT
B000543,2026-02-01,INV10847,4395.21,CUSTOMER PAYMENT
B000544,2026-02-01,INV10525,1013.93,CUSTOMER PAYMENT
B000545,2026-02-01,INV10047,2099.22,CUSTOMER PAYMENT
B000546,2026-02-01,INV11080,862.2,CUSTOMER PAYMENT
B000547,2026-02-02,INV10329,11793.65,CUSTOMER PAYMENT
B000548,2026-02-02,INV10038,1500.0,CUSTOMER PAYMENT
B000549,2026-02-02,INV11019,3240.79,CUSTOMER PAYMENT
B000550,2026-02-02,INV10944,4729.22,CUSTOMER PAYMENT
B000551,2026-02-02,INV11193,467.82,CUSTOMER PAYMENT
B000552,2026-02-02,INV11472,3829.49,CUSTOMER PAYMENT
B000553,2026-02-02,INV11144,4171.54,CUSTOMER PAYMENT
B000554,2026-02-02,inv10157,3179.57,CUSTOMER PAYMENT
B000555,2026-02-02,INV10788,893.36,CUSTOMER PAYMENT
B000556,2026-02-02,INV10415,902.06,CUSTOMER PAYMENT
B000557,2026-02-02,INV10241,9532.62,CUSTOMER PAYMENT
B000558,2026-02-03,inv10965,7789.91,CUSTOMER PAYMENT
B000559,2026-02-03,INV10570,6544.27,CUSTOMER PAYMENT
B000560,2026-02-03,INV11333,2485.84,CUSTOMER PAYMENT
B000561,2026-02-03,INV10796,4028.79,CUSTOMER PAYMENT
B000562,2026-02-03,INV10068,2428.13,CUSTOMER PAYMENT
B000563,2026-02-03,INV10751,1500.0,CUSTOMER PAYMENT
B000564,2026-02-03,INV10523,1177.22,CUSTOMER PAYMENT
B000565,2026-02-03,INV11259,3451.24,CUSTOMER PAYMENT
B000566,2026-02-03,INV11345,1271.61,CUSTOMER PAYMENT
B000567,2026-02-03,INV10242,1188.9,CUSTOMER PAYMENT
B000568,2026-02-03,INV10923,1571.71,CUSTOMER PAYMENT
B000569,2026-02-03,INV11155,3233.13,CUSTOMER PAYMENT
B000570,2026-02-03,INV10233,16134.42,CUSTOMER PAYMENT
B000571,2026-02-03,INV10211,388.01,CUSTOMER PAYMENT
B000572,2026-02-03,INV11415,1196.67,CUSTOMER PAYMENT
B000573,2026-02-03,INV10000,2000.0,CUSTOMER PAYMENT
B000574,2026-02-04,INV11246,4278.78,CUSTOMER PAYMENT
B000575,2026-02-04,INV10184,2899.07,CUSTOMER PAYMENT
B000576,2026-02-04,INV10912,9081.19,CUSTOMER PAYMENT
B000577,2026-02-04,INV10964,1166.33,CUSTOMER PAYMENT
B000578,2026-02-04,INV10695,5586.46,CUSTOMER PAYMENT
B000579,2026-02-04,INV10458,1991.94,CUSTOMER PAYMENT
B000580,2026-02-04,INV10841,6686.15,CUSTOMER PAYMENT
B000581,2026-02-04,INV10113,5063.51,CUSTOMER PAYMENT
B000582,2026-02-04,INV10779,3242.12,CUSTOMER PAYMENT
B000583,2026-02-04,INV11016,1538.95,CUSTOMER PAYMENT
B000584,2026-02-04,INV10778,1585.28,CUSTOMER PAYMENT
B000585,2026-02-04,INV10839,1927.12,CUSTOMER PAYMENT
B000586,2026-02-04,INV10388,777.15,CUSTOMER PAYMENT
B000587,2026-02-04,INV10728,5656.03,CUSTOMER PAYMENT
B000588,2026-02-04,INV10453,2273.78,CUSTOMER PAYMENT
B000589,2026-02-04,,1814.98,CUSTOMER PAYMENT
B000590,2026-02-04,INV11388,2724.36,CUSTOMER PAYMENT
B000591,2026-02-04,INV10150,1196.21,CUSTOMER PAYMENT
B000592,2026-02-04,INV11465,1640.79,CUSTOMER PAYMENT
B000593,2026-02-04,INV10366,925.84,CUSTOMER PAYMENT
B000594,2026-02-04,INV11390,8464.84,CUSTOMER PAYMENT
B000595,2026-02-04,INV10043,2155.46,CUSTOMER PAYMENT
B000596,2026-02-04,INV10452,3849.8,CUSTOMER PAYMENT
B000597,2026-02-05,INV11222,582.98,CUSTOMER PAYMENT
B000598,2026-02-05,INV11076,5658.15,CUSTOMER PAYMENT
B000599,2026-02-05,INV11270,2530.47,CUSTOMER PAYMENT
B000600,2026-02-05,INV11269,4316.44,CUSTOMER PAYMENT
B000601,2026-02-05,INV11017,24089.57,CUSTOMER PAYMENT
B000602,2026-02-05,INV10469,3239.53,CUSTOMER PAYMENT
B000603,2026-02-05,INV10451,763.1,CUSTOMER PAYMENT
B000604,2026-02-05,INV10582,2667.86,CUSTOMER PAYMENT
B000605,2026-02-05,INV11442,4797.86,CUSTOMER PAYMENT
B000606,2026-02-05,INV11084,15758.15,CUSTOMER PAYMENT
B000607,2026-02-05,INV10979,1206.27,CUSTOMER PAYMENT
B000608,2026-02-05,INV10722,5830.29,CUSTOMER PAYMENT
B000609,2026-02-05,INV10810,2539.99,CUSTOMER PAYMENT
B000610,2026-02-05,INV10401,1394.27,CUSTOMER PAYMENT
B000611,2026-02-05,inv11100,5996.56,CUSTOMER PAYMENT
B000612,2026-02-05,INV10254,704.02,CUSTOMER PAYMENT
B000613,2026-02-05,INV10767,1560.58,CUSTOMER PAYMENT
B000614,2026-02-05,inv10369,1837.81,CUSTOMER PAYMENT
B000615,2026-02-05,INV10481,10544.57,CUSTOMER PAYMENT
B000616,2026-02-05,INV10587,2889.37,CUSTOMER PAYMENT
B000617,2026-02-05,INV11478,1000.46,CUSTOMER PAYMENT
B000618,2026-02-05,INV10420,1265.55,CUSTOMER PAYMENT
B000619,2026-02-05,INV10375,1507.12,CUSTOMER PAYMENT
B000620,2026-02-06,,6381.04,CUSTOMER PAYMENT
B000621,2026-02-06,INV11319,9986.52,CUSTOMER PAYMENT
B000622,2026-02-06,INV11427,1302.02,CUSTOMER PAYMENT
B000623,2026-02-06,inv11029,2586.61,CUSTOMER PAYMENT
B000624,2026-02-06,INV10609,952.21,CUSTOMER PAYMENT
B000625,2026-02-06,INV11171,14094.79,CUSTOMER PAYMENT
B000626,2026-02-06,INV11225,20438.48,CUSTOMER PAYMENT
B000627,2026-02-06,INV10966,1432.12,CUSTOMER PAYMENT
B000628,2026-02-06,inv11440,3208.63,CUSTOMER PAYMENT
B000629,2026-02-06,INV10147,904.21,CUSTOMER PAYMENT
B000630,2026-02-06,inv10775,3603.25,CUSTOMER PAYMENT
B000631,2026-02-06,INV11184,2500.99,CUSTOMER PAYMENT
B000632,2026-02-06,INV10541,832.08,CUSTOMER PAYMENT
B000633,2026-02-06,INV10730,5789.63,CUSTOMER PAYMENT
B000634,2026-02-06,INV10558,541.56,CUSTOMER PAYMENT
B000635,2026-02-06,INV10569,561.06,CUSTOMER PAYMENT
B000636,2026-02-06,INV11462,7458.93,CUSTOMER PAYMENT
B000637,2026-02-06,INV11341,2763.87,CUSTOMER PAYMENT
B000638,2026-02-06,INV10426,1308.42,CUSTOMER PAYMENT
B000639,2026-02-06,INV11145,3450.12,CUSTOMER PAYMENT
B000640,2026-02-06,INV11192,17773.44,CUSTOMER PAYMENT
B000641,2026-02-06,INV10840,1555.34,CUSTOMER PAYMENT
B000642,2026-02-06,INV10066,3174.77,CUSTOMER PAYMENT
B000643,2026-02-06,INV11403,500.0,CUSTOMER PAYMENT
B000644,2026-02-06,INV10982,3290.33,CUSTOMER PAYMENT
B000645,2026-02-06,INV10473,6853.95,CUSTOMER PAYMENT
B000646,2026-02-06,INV10398,364.38,CUSTOMER PAYMENT
B000647,2026-02-07,INV10112,1895.73,CUSTOMER PAYMENT
B000648,2026-02-07,INV11012,8228.11,CUSTOMER PAYMENT
B000649,2026-02-07,INV10685,5053.63,CUSTOMER PAYMENT
B000650,2026-02-07,inv11071,2100.07,CUSTOMER PAYMENT
B000651,2026-02-07,INV10809,3233.15,CUSTOMER PAYMENT
B000652,2026-02-07,INV10795,7105.76,CUSTOMER PAYMENT
B000653,2026-02-07,INV10196,1500.0,CUSTOMER PAYMENT
B000654,2026-02-07,INV10756,5127.95,CUSTOMER PAYMENT
B000655,2026-02-07,INV10794,8492.76,CUSTOMER PAYMENT
B000656,2026-02-07,INV10771,10422.57,CUSTOMER PAYMENT
B000657,2026-02-07,inv10078,3805.05,CUSTOMER PAYMENT
B000658,2026-02-07,INV10318,5240.76,CUSTOMER PAYMENT
B000659,2026-02-07,INV11233,1160.51,CUSTOMER PAYMENT
B000660,2026-02-07,INV10378,1471.5,CUSTOMER PAYMENT
B000661,2026-02-07,inv10553,6424.25,CUSTOMER PAYMENT
B000662,2026-02-07,INV10675,2755.53,CUSTOMER PAYMENT
B000663,2026-02-07,INV10094,423.07,CUSTOMER PAYMENT
B000664,2026-02-07,INV11370,2000.0,CUSTOMER PAYMENT
B000665,2026-02-07,INV10011,6295.08,CUSTOMER PAYMENT
B000666,2026-02-07,INV11203,918.84,CUSTOMER PAYMENT
B000667,2026-02-08,INV11115,1982.7,CUSTOMER PAYMENT
B000668,2026-02-08,INV11011,2954.7,CUSTOMER PAYMENT
B000669,2026-02-08,INV10717,9544.09,CUSTOMER PAYMENT
B000670,2026-02-08,INV11000,2500.0,CUSTOMER PAYMENT
B000671,2026-02-08,INV11267,1783.92,CUSTOMER PAYMENT
B000672,2026-02-08,INV11489,3022.22,CUSTOMER PAYMENT
B000673,2026-02-08,INV10022,604.23,CUSTOMER PAYMENT
B000674,2026-02-08,inv11313,5069.54,CUSTOMER PAYMENT
B000675,2026-02-08,,1215.86,CUSTOMER PAYMENT
B000676,2026-02-08,INV10317,2500.0,CUSTOMER PAYMENT
B000677,2026-02-08,INV11153,6380.79,CUSTOMER PAYMENT
B000678,2026-02-08,INV11292,6259.5,CUSTOMER PAYMENT
B000679,2026-02-08,INV10482,16144.99,CUSTOMER PAYMENT
B000680,2026-02-08,INV10644,909.24,CUSTOMER PAYMENT
B000681,2026-02-08,,10791.01,CUSTOMER PAYMENT
B000682,2026-02-08,INV10718,1000.0,CUSTOMER PAYMENT
B000683,2026-02-08,INV10263,1781.33,CUSTOMER PAYMENT
B000684,2026-02-08,INV11107,2500.0,CUSTOMER PAYMENT
B000685,2026-02-08,,6285.59,CUSTOMER PAYMENT
B000686,2026-02-09,INV10662,5768.11,CUSTOMER PAYMENT
B000687,2026-02-09,INV10808,6950.95,CUSTOMER PAYMENT
B000688,2026-02-09,,1659.96,CUSTOMER PAYMENT
B000689,2026-02-09,INV11241,3686.44,CUSTOMER PAYMENT
B000690,2026-02-09,INV10789,2644.54,CUSTOMER PAYMENT
B000691,2026-02-09,INV10493,8063.65,CUSTOMER PAYMENT
B000692,2026-02-09,INV11320,922.56,CUSTOMER PAYMENT
B000693,2026-02-09,INV11021,9937.88,CUSTOMER PAYMENT
B000694,2026-02-09,INV11101,2500.0,CUSTOMER PAYMENT
B000695,2026-02-09,INV11423,4702.84,CUSTOMER PAYMENT
B000696,2026-02-09,INV10552,480.1,CUSTOMER PAYMENT
B000697,2026-02-09,INV10012,5581.86,CUSTOMER PAYMENT
B000698,2026-02-09,,500.0,CUSTOMER PAYMENT
B000699,2026-02-09,INV10321,4395.58,CUSTOMER PAYMENT
B000700,2026-02-10,INV11432,2428.42,CUSTOMER PAYMENT
B000701,2026-02-10,INV10797,1827.14,CUSTOMER PAYMENT
B000702,2026-02-10,INV10262,3562.47,CUSTOMER PAYMENT
B000703,2026-02-10,INV10735,2698.11,CUSTOMER PAYMENT
B000704,2026-02-10,INV11039,2720.41,CUSTOMER PAYMENT
B000705,2026-02-10,INV10285,1685.08,CUSTOMER PAYMENT
B000706,2026-02-10,INV11277,223.82,CUSTOMER PAYMENT
B000707,2026-02-10,INV10181,2908.35,CUSTOMER PAYMENT
B000708,2026-02-10,INV11414,522.29,CUSTOMER PAYMENT
B000709,2026-02-10,INV10567,1005.65,CUSTOMER PAYMENT
B000710,2026-02-10,INV10715,824.12,CUSTOMER PAYMENT
B000711,2026-02-10,INV10679,2802.33,CUSTOMER PAYMENT
B000712,2026-02-10,INV10295,818.63,CUSTOMER PAYMENT
B000713,2026-02-10,INV11433,1593.75,CUSTOMER PAYMENT
B000714,2026-02-10,INV10589,7727.44,CUSTOMER PAYMENT
B000715,2026-02-10,inv11405,5661.39,CUSTOMER PAYMENT
B000716,2026-02-10,INV11425,11507.55,CUSTOMER PAYMENT
B000717,2026-02-10,INV10507,539.41,CUSTOMER PAYMENT
B000718,2026-02-10,INV11218,3463.63,CUSTOMER PAYMENT
B000719,2026-02-10,INV10213,3234.9,CUSTOMER PAYMENT
B000720,2026-02-10,INV11252,1422.31,CUSTOMER PAYMENT
B000721,2026-02-10,INV10006,2711.2,CUSTOMER PAYMENT
B000722,2026-02-10,INV10900,2880.48,CUSTOMER PAYMENT
B000723,2026-02-10,INV10179,2587.35,CUSTOMER PAYMENT
B000724,2026-02-11,INV10013,5000.0,CUSTOMER PAYMENT
B000725,2026-02-11,INV10671,2509.32,CUSTOMER PAYMENT
B000726,2026-02-11,INV11338,551.9,CUSTOMER PAYMENT
B000727,2026-02-11,INV10293,44078.45,CUSTOMER PAYMENT
B000728,2026-02-11,INV10619,1930.01,CUSTOMER PAYMENT
B000729,2026-02-11,INV10699,2915.59,CUSTOMER PAYMENT
B000730,2026-02-11,INV10020,3710.03,CUSTOMER PAYMENT
B000731,2026-02-11,INV10697,9845.68,CUSTOMER PAYMENT
B000732,2026-02-11,INV10843,628.65,CUSTOMER PAYMENT
B000733,2026-02-11,INV10185,3267.98,CUSTOMER PAYMENT
B000734,2026-02-11,INV11299,2164.89,CUSTOMER PAYMENT
B000735,2026-02-11,INV10561,7297.18,CUSTOMER PAYMENT
B000736,2026-02-11,INV10350,1318.52,CUSTOMER PAYMENT
B000737,2026-02-11,INV10749,3105.53,CUSTOMER PAYMENT
B000738,2026-02-11,INV11265,2000.0,CUSTOMER PAYMENT
B000739,2026-02-11,INV10058,7882.6,CUSTOMER PAYMENT
B000740,2026-02-11,INV11256,997.35,CUSTOMER PAYMENT
B000741,2026-02-11,INV10104,3592.72,CUSTOMER PAYMENT
B000742,2026-02-11,,803.38,CUSTOMER PAYMENT
B000743,2026-02-11,inv10998,3210.95,CUSTOMER PAYMENT
B000744,2026-02-11,,4808.74,CUSTOMER PAYMENT
B000745,2026-02-11,INV10800,1987.36,CUSTOMER PAYMENT
B000746,2026-02-12,INV10636,6443.95,CUSTOMER PAYMENT
B000747,2026-02-12,INV10370,959.45,CUSTOMER PAYMENT
B000748,2026-02-12,INV10967,1000.0,CUSTOMER PAYMENT
B000749,2026-02-12,INV10194,3309.91,CUSTOMER PAYMENT
B000750,2026-02-12,INV10265,765.78,CUSTOMER PAYMENT
B000751,2026-02-12,INV10981,5745.26,CUSTOMER PAYMENT
B000752,2026-02-12,INV10027,2010.31,CUSTOMER PAYMENT
B000753,2026-02-12,INV10201,500.0,CUSTOMER PAYMENT
B000754,2026-02-12,INV11148,2215.88,CUSTOMER PAYMENT
B000755,2026-02-12,INV10205,1386.89,CUSTOMER PAYMENT
B000756,2026-02-12,INV10226,5371.69,CUSTOMER PAYMENT
B000757,2026-02-12,INV11284,3693.29,CUSTOMER PAYMENT
B000758,2026-02-12,INV11297,1500.0,CUSTOMER PAYMENT
B000759,2026-02-12,INV10927,8865.45,CUSTOMER PAYMENT
B000760,2026-02-12,INV10008,2000.0,CUSTOMER PAYMENT
B000761,2026-02-12,INV10207,10387.18,CUSTOMER PAYMENT
B000762,2026-02-12,INV10231,1276.61,CUSTOMER PAYMENT
B000763,2026-02-12,INV10429,1368.33,CUSTOMER PAYMENT
B000764,2026-02-12,INV10279,1893.35,CUSTOMER PAYMENT
B000765,2026-02-12,INV11231,2592.02,CUSTOMER PAYMENT
B000766,2026-02-12,INV10477,2631.75,CUSTOMER PAYMENT
B000767,2026-02-12,INV10791,3079.69,CUSTOMER PAYMENT
B000768,2026-02-13,INV10934,4450.23,CUSTOMER PAYMENT
B000769,2026-02-13,INV11275,1005.41,CUSTOMER PAYMENT
B000770,2026-02-13,INV10951,2440.78,CUSTOMER PAYMENT
B000771,2026-02-13,INV10515,7642.86,CUSTOMER PAYMENT
B000772,2026-02-13,inv11419,5002.11,CUSTOMER PAYMENT
B000773,2026-02-13,INV10100,4788.34,CUSTOMER PAYMENT
B000774,2026-02-13,INV10657,2680.37,CUSTOMER PAYMENT
B000775,2026-02-13,INV11375,5402.25,CUSTOMER PAYMENT
B000776,2026-02-13,INV10287,9369.01,CUSTOMER PAYMENT
B000777,2026-02-13,inv11441,1450.04,CUSTOMER PAYMENT
B000778,2026-02-13,INV10790,1286.26,CUSTOMER PAYMENT
B000779,2026-02-13,INV10988,4442.56,CUSTOMER PAYMENT
B000780,2026-02-13,INV10255,1892.39,CUSTOMER PAYMENT
B000781,2026-02-13,INV10199,2651.22,CUSTOMER PAYMENT
B000782,2026-02-13,inv11160,3505.92,CUSTOMER PAYMENT
B000783,2026-02-13,INV10039,6165.65,CUSTOMER PAYMENT
B000784,2026-02-13,INV10693,10579.51,CUSTOMER PAYMENT
B000785,2026-02-13,INV11176,870.09,CUSTOMER PAYMENT
B000786,2026-02-13,INV10021,9341.12,CUSTOMER PAYMENT
B000787,2026-02-14,INV11355,2028.32,CUSTOMER PAYMENT
B000788,2026-02-14,INV11032,2874.06,CUSTOMER PAYMENT
B000789,2026-02-14,INV10646,13238.67,CUSTOMER PAYMENT
B000790,2026-02-14,inv10511,4516.55,CUSTOMER PAYMENT
B000791,2026-02-14,,6319.6,CUSTOMER PAYMENT
B000792,2026-02-14,INV10744,910.18,CUSTOMER PAYMENT
B000793,2026-02-14,INV11328,412.71,CUSTOMER PAYMENT
B000794,2026-02-14,INV10153,1046.63,CUSTOMER PAYMENT
B000795,2026-02-14,INV10781,1249.34,CUSTOMER PAYMENT
B000796,2026-02-14,INV10071,5000.0,CUSTOMER PAYMENT
B000797,2026-02-14,INV10076,1196.05,CUSTOMER PAYMENT
B000798,2026-02-14,INV10138,653.41,CUSTOMER PAYMENT
B000799,2026-02-14,INV11190,4271.29,CUSTOMER PAYMENT
B000800,2026-02-14,INV10560,13206.71,CUSTOMER PAYMENT
B000801,2026-02-14,INV10638,15315.02,CUSTOMER PAYMENT
B000802,2026-02-14,INV10758,19315.61,CUSTOMER PAYMENT
B000803,2026-02-14,INV11055,12836.52,CUSTOMER PAYMENT
B000804,2026-02-14,INV11088,479.98,CUSTOMER PAYMENT
B000805,2026-02-14,INV10858,3634.34,CUSTOMER PAYMENT
B000806,2026-02-14,INV10991,9410.18,CUSTOMER PAYMENT
B000807,2026-02-14,INV11273,17956.48,CUSTOMER PAYMENT
B000808,2026-02-15,INV10422,3290.79,CUSTOMER PAYMENT
B000809,2026-02-15,INV11409,1000.0,CUSTOMER PAYMENT
B000810,2026-02-15,inv11105,3305.56,CUSTOMER PAYMENT
B000811,2026-02-15,INV10270,2263.47,CUSTOMER PAYMENT
B000812,2026-02-15,INV11118,1159.68,CUSTOMER PAYMENT
B000813,2026-02-15,INV10526,758.03,CUSTOMER PAYMENT
B000814,2026-02-15,INV10997,2059.32,CUSTOMER PAYMENT
B000815,2026-02-15,INV11053,26238.07,CUSTOMER PAYMENT
B000816,2026-02-15,INV10876,3232.4,CUSTOMER PAYMENT
B000817,2026-02-15,INV10707,3890.62,CUSTOMER PAYMENT
B000818,2026-02-15,INV11428,20227.25,CUSTOMER PAYMENT
B000819,2026-02-15,INV11042,750.0,CUSTOMER PAYMENT
B000820,2026-02-15,INV11374,4744.15,CUSTOMER PAYMENT
B000821,2026-02-15,INV10712,1000.0,CUSTOMER PAYMENT
B000822,2026-02-15,INV10871,1215.48,CUSTOMER PAYMENT
B000823,2026-02-15,inv10277,11290.31,CUSTOMER PAYMENT
B000824,2026-02-15,INV10592,2622.9,CUSTOMER PAYMENT
B000825,2026-02-15,INV10431,1762.48,CUSTOMER PAYMENT
B000826,2026-02-15,INV10710,2213.26,CUSTOMER PAYMENT
B000827,2026-02-15,INV11006,8031.07,CUSTOMER PAYMENT
B000828,2026-02-16,INV10341,4503.57,CUSTOMER PAYMENT
B000829,2026-02-16,INV10111,3203.86,CUSTOMER PAYMENT
B000830,2026-02-16,INV10073,8055.89,CUSTOMER PAYMENT
B000831,2026-02-16,INV10474,1408.96,CUSTOMER PAYMENT
B000832,2026-02-16,INV10806,2283.44,CUSTOMER PAYMENT
B000833,2026-02-16,INV11112,27120.68,CUSTOMER PAYMENT
B000834,2026-02-16,INV10852,2055.62,CUSTOMER PAYMENT
B000835,2026-02-16,INV10983,1693.19,CUSTOMER PAYMENT
B000836,2026-02-16,inv10488,7331.55,CUSTOMER PAYMENT
B000837,2026-02-16,INV10564,4326.2,CUSTOMER PAYMENT
B000838,2026-02-16,inv11315,5000.0,CUSTOMER PAYMENT
B000839,2026-02-16,INV10985,500.0,CUSTOMER PAYMENT
B000840,2026-02-16,INV10502,4446.32,CUSTOMER PAYMENT
B000841,2026-02-16,INV10413,2310.59,CUSTOMER PAYMENT
B000842,2026-02-16,INV11224,3843.64,CUSTOMER PAYMENT
B000843,2026-02-16,INV10156,1430.81,CUSTOMER PAYMENT
B000844,2026-02-16,INV10348,1500.0,CUSTOMER PAYMENT
B000845,2026-02-17,INV10246,617.3,CUSTOMER PAYMENT
B000846,2026-02-17,INV10354,5651.57,CUSTOMER PAYMENT
B000847,2026-02-17,INV10864,1962.65,CUSTOMER PAYMENT
B000848,2026-02-17,INV11108,3600.51,CUSTOMER PAYMENT
B000849,2026-02-17,,1713.06,CUSTOMER PAYMENT
B000850,2026-02-17,INV11475,1665.79,CUSTOMER PAYMENT
B000851,2026-02-17,INV11067,1500.0,CUSTOMER PAYMENT
B000852,2026-02-17,INV10813,228.92,CUSTOMER PAYMENT
B000853,2026-02-17,inv10890,2665.8,CUSTOMER PAYMENT
B000854,2026-02-17,INV11073,5504.35,CUSTOMER PAYMENT
B000855,2026-02-17,INV11027,6144.27,CUSTOMER PAYMENT
B000856,2026-02-17,INV10229,1559.28,CUSTOMER PAYMENT
B000857,2026-02-17,INV11056,2535.31,CUSTOMER PAYMENT
B000858,2026-02-18,INV10563,4771.13,CUSTOMER PAYMENT
B000859,2026-02-18,INV10392,36479.02,CUSTOMER PAYMENT
B000860,2026-02-18,INV10881,3653.7,CUSTOMER PAYMENT
B000861,2026-02-18,INV10001,2534.16,CUSTOMER PAYMENT
B000862,2026-02-18,inv10361,7642.46,CUSTOMER PAYMENT
B000863,2026-02-18,INV10103,2000.0,CUSTOMER PAYMENT
B000864,2026-02-18,INV10016,2072.26,CUSTOMER PAYMENT
B000865,2026-02-18,INV10141,5806.77,CUSTOMER PAYMENT
B000866,2026-02-18,INV10930,1159.5,CUSTOMER PAYMENT
B000867,2026-02-18,INV10760,2577.34,CUSTOMER PAYMENT
B000868,2026-02-18,INV10716,5693.6,CUSTOMER PAYMENT
B000869,2026-02-18,INV11392,2682.49,CUSTOMER PAYMENT
B000870,2026-02-18,INV10720,12933.79,CUSTOMER PAYMENT
B000871,2026-02-18,INV10708,661.17,CUSTOMER PAYMENT
B000872,2026-02-18,INV10557,4445.88,CUSTOMER PAYMENT
B000873,2026-02-18,INV11002,7846.36,CUSTOMER PAYMENT
B000874,2026-02-18,INV10271,7838.85,CUSTOMER PAYMENT
B000875,2026-02-18,INV11377,5012.57,CUSTOMER PAYMENT
B000876,2026-02-18,INV11142,2964.73,CUSTOMER PAYMENT
B000877,2026-02-18,INV10118,8775.01,CUSTOMER PAYMENT
B000878,2026-02-18,INV10260,750.0,CUSTOMER PAYMENT
B000879,2026-02-19,INV10522,963.7,CUSTOMER PAYMENT
B000880,2026-02-19,INV11274,747.22,CUSTOMER PAYMENT
B000881,2026-02-19,INV10088,5165.84,CUSTOMER PAYMENT
B000882,2026-02-19,INV10086,1000.0,CUSTOMER PAYMENT
B000883,2026-02-19,inv10870,4182.51,CUSTOMER PAYMENT
B000884,2026-02-19,inv11316,1942.62,CUSTOMER PAYMENT
B000885,2026-02-19,INV11104,767.02,CUSTOMER PAYMENT
B000886,2026-02-19,INV10793,1263.64,CUSTOMER PAYMENT
B000887,2026-02-19,INV10875,5276.03,CUSTOMER PAYMENT
B000888,2026-02-19,inv10630,1971.25,CUSTOMER PAYMENT
B000889,2026-02-19,INV10635,4332.2,CUSTOMER PAYMENT
B000890,2026-02-19,INV10799,1682.88,CUSTOMER PAYMENT
B000891,2026-02-19,INV11091,6828.23,CUSTOMER PAYMENT
B000892,2026-02-20,INV11480,12094.66,CUSTOMER PAYMENT
B000893,2026-02-20,INV10315,4907.51,CUSTOMER PAYMENT
B000894,2026-02-20,inv10643,593.96,CUSTOMER PAYMENT
B000895,2026-02-20,INV10506,7052.65,CUSTOMER PAYMENT
B000896,2026-02-20,INV10676,6000.61,CUSTOMER PAYMENT
B000897,2026-02-20,INV11296,855.2,CUSTOMER PAYMENT
B000898,2026-02-20,INV11444,1614.43,CUSTOMER PAYMENT
B000899,2026-02-20,INV11217,2121.93,CUSTOMER PAYMENT
B000900,2026-02-20,INV10168,2127.73,CUSTOMER PAYMENT
B000901,2026-02-20,INV10343,3385.76,CUSTOMER PAYMENT
B000902,2026-02-20,INV11228,10920.22,CUSTOMER PAYMENT
B000903,2026-02-20,INV10726,3613.81,CUSTOMER PAYMENT
B000904,2026-02-20,inv11449,1613.96,CUSTOMER PAYMENT
B000905,2026-02-20,INV10098,2650.08,CUSTOMER PAYMENT
B000906,2026-02-20,inv10877,681.07,CUSTOMER PAYMENT
B000907,2026-02-21,INV10995,4003.59,CUSTOMER PAYMENT
B000908,2026-02-21,INV10648,2786.13,CUSTOMER PAYMENT
B000909,2026-02-21,INV10159,3658.0,CUSTOMER PAYMENT
B000910,2026-02-21,inv10917,2663.78,CUSTOMER PAYMENT
B000911,2026-02-21,INV10161,1224.24,CUSTOMER PAYMENT
B000912,2026-02-21,INV10700,18239.05,CUSTOMER PAYMENT
B000913,2026-02-21,INV10273,6269.24,CUSTOMER PAYMENT
B000914,2026-02-21,INV10445,10193.49,CUSTOMER PAYMENT
B000915,2026-02-21,INV10407,3753.49,CUSTOMER PAYMENT
B000916,2026-02-21,INV11272,4875.33,CUSTOMER PAYMENT
B000917,2026-02-21,inv10400,206.03,CUSTOMER PAYMENT
B000918,2026-02-21,INV10652,4619.95,CUSTOMER PAYMENT
B000919,2026-02-21,,1963.74,CUSTOMER PAYMENT
B000920,2026-02-21,inv11306,3099.07,CUSTOMER PAYMENT
B000921,2026-02-21,INV11007,1581.37,CUSTOMER PAYMENT
B000922,2026-02-21,INV11434,4092.0,CUSTOMER PAYMENT
B000923,2026-02-21,INV10267,3586.18,CUSTOMER PAYMENT
B000924,2026-02-21,INV11424,4765.69,CUSTOMER PAYMENT
B000925,2026-02-21,INV11150,4574.42,CUSTOMER PAYMENT
B000926,2026-02-21,INV10586,4442.53,CUSTOMER PAYMENT
B000927,2026-02-21,INV10339,840.8,CUSTOMER PAYMENT
B000928,2026-02-21,INV11087,3884.22,CUSTOMER PAYMENT
B000929,2026-02-21,INV10666,7654.16,CUSTOMER PAYMENT
B000930,2026-02-21,INV10170,8046.3,CUSTOMER PAYMENT
B000931,2026-02-21,inv10777,2867.75,CUSTOMER PAYMENT
B000932,2026-02-22,INV11180,2053.56,CUSTOMER PAYMENT
B000933,2026-02-22,INV10999,19420.11,CUSTOMER PAYMENT
B000934,2026-02-22,INV10099,763.64,CUSTOMER PAYMENT
B000935,2026-02-22,INV11382,394.68,CUSTOMER PAYMENT
B000936,2026-02-22,INV10845,2261.63,CUSTOMER PAYMENT
B000937,2026-02-22,INV11013,957.75,CUSTOMER PAYMENT
B000938,2026-02-22,INV10812,2899.09,CUSTOMER PAYMENT
B000939,2026-02-22,INV10278,1016.12,CUSTOMER PAYMENT
B000940,2026-02-22,INV10534,5802.34,CUSTOMER PAYMENT
B000941,2026-02-22,INV11194,17059.31,CUSTOMER PAYMENT
B000942,2026-02-22,INV10825,500.0,CUSTOMER PAYMENT
B000943,2026-02-22,INV11293,1169.62,CUSTOMER PAYMENT
B000944,2026-02-23,INV11237,15509.81,CUSTOMER PAYMENT
B000945,2026-02-23,,3195.24,CUSTOMER PAYMENT
B000946,2026-02-23,INV11143,1837.65,CUSTOMER PAYMENT
B000947,2026-02-23,INV10472,10223.19,CUSTOMER PAYMENT
B000948,2026-02-23,INV11164,1300.86,CUSTOMER PAYMENT
B000949,2026-02-23,,3629.46,CUSTOMER PAYMENT
B000950,2026-02-23,,3525.18,CUSTOMER PAYMENT
B000951,2026-02-23,INV10711,3316.13,CUSTOMER PAYMENT
B000952,2026-02-23,INV10437,449.7,CUSTOMER PAYMENT
B000953,2026-02-23,INV10306,410.86,CUSTOMER PAYMENT
B000954,2026-02-23,INV10754,1544.41,CUSTOMER PAYMENT
B000955,2026-02-23,INV10611,17739.03,CUSTOMER PAYMENT
B000956,2026-02-23,INV10108,2911.56,CUSTOMER PAYMENT
B000957,2026-02-23,INV10942,1876.21,CUSTOMER PAYMENT
B000958,2026-02-23,INV10446,3044.93,CUSTOMER PAYMENT
B000959,2026-02-23,INV10054,549.04,CUSTOMER PAYMENT
B000960,2026-02-23,INV11177,4205.89,CUSTOMER PAYMENT
B000961,2026-02-23,INV10476,2000.0,CUSTOMER PAYMENT
B000962,2026-02-23,INV11127,3224.59,CUSTOMER PAYMENT
B000963,2026-02-24,INV11279,7508.5,CUSTOMER PAYMENT
B000964,2026-02-24,INV10865,4562.93,CUSTOMER PAYMENT
B000965,2026-02-24,INV10244,436.22,CUSTOMER PAYMENT
B000966,2026-02-24,INV11195,2069.95,CUSTOMER PAYMENT
B000967,2026-02-24,INV10253,3304.12,CUSTOMER PAYMENT
B000968,2026-02-24,INV10581,6814.44,CUSTOMER PAYMENT
B000969,2026-02-24,INV10829,2203.67,CUSTOMER PAYMENT
B000970,2026-02-24,INV10360,719.14,CUSTOMER PAYMENT
B000971,2026-02-24,INV11499,1000.0,CUSTOMER PAYMENT
B000972,2026-02-24,INV10145,1369.65,CUSTOMER PAYMENT
B000973,2026-02-24,INV10212,3840.68,CUSTOMER PAYMENT
B000974,2026-02-24,INV10804,2887.42,CUSTOMER PAYMENT
B000975,2026-02-24,INV10139,2878.59,CUSTOMER PAYMENT
B000976,2026-02-24,,5000.0,CUSTOMER PAYMENT
B000977,2026-02-24,INV11332,1474.61,CUSTOMER PAYMENT
B000978,2026-02-24,INV10538,3940.49,CUSTOMER PAYMENT
B000979,2026-02-24,INV10605,1385.29,CUSTOMER PAYMENT
B000980,2026-02-24,INV11430,850.88,CUSTOMER PAYMENT
B000981,2026-02-24,INV10639,2277.36,CUSTOMER PAYMENT
B000982,2026-02-24,INV11383,1400.63,CUSTOMER PAYMENT
B000983,2026-02-25,INV11047,5798.21,CUSTOMER PAYMENT
B000984,2026-02-25,inv10454,5459.46,CUSTOMER PAYMENT
B000985,2026-02-25,INV10904,3078.16,CUSTOMER PAYMENT
B000986,2026-02-25,INV10545,4636.34,CUSTOMER PAYMENT
B000987,2026-02-25,INV10763,7627.84,CUSTOMER PAYMENT
B000988,2026-02-25,INV11057,1011.36,CUSTOMER PAYMENT
B000989,2026-02-25,INV11229,640.9,CUSTOMER PAYMENT
B000990,2026-02-25,INV11294,990.81,CUSTOMER PAYMENT
B000991,2026-02-25,INV10356,7740.63,CUSTOMER PAYMENT
B000992,2026-02-25,INV10222,644.35,CUSTOMER PAYMENT
B000993,2026-02-25,INV10590,1766.29,CUSTOMER PAYMENT
B000994,2026-02-25,INV10952,3986.23,CUSTOMER PAYMENT
B000995,2026-02-25,INV10175,1626.73,CUSTOMER PAYMENT
B000996,2026-02-25,INV10882,3508.48,CUSTOMER PAYMENT
B000997,2026-02-25,INV11359,8648.29,CUSTOMER PAYMENT
B000998,2026-02-25,INV10690,10203.7,CUSTOMER PAYMENT
B000999,2026-02-25,INV10449,4868.13,CUSTOMER PAYMENT
B001000,2026-02-25,INV10798,2507.57,CUSTOMER PAYMENT
B001001,2026-02-26,INV11488,1499.5,CUSTOMER PAYMENT
B001002,2026-02-26,INV10491,1305.22,CUSTOMER PAYMENT
B001003,2026-02-26,INV10562,1000.0,CUSTOMER PAYMENT
B001004,2026-02-26,INV10785,396.73,CUSTOMER PAYMENT
B001005,2026-02-26,inv11439,4496.26,CUSTOMER PAYMENT
B001006,2026-02-26,INV10189,3596.96,CUSTOMER PAYMENT
B001007,2026-02-26,INV10448,3483.08,CUSTOMER PAYMENT
B001008,2026-02-26,INV11117,27423.7,CUSTOMER PAYMENT
B001009,2026-02-26,INV10342,3487.01,CUSTOMER PAYMENT
B001010,2026-02-26,INV10834,1384.29,CUSTOMER PAYMENT
B001011,2026-02-26,INV11337,2417.13,CUSTOMER PAYMENT
B001012,2026-02-26,INV10792,10061.79,CUSTOMER PAYMENT
B001013,2026-02-26,INV10908,1913.33,CUSTOMER PAYMENT
B001014,2026-02-26,INV11325,13364.46,CUSTOMER PAYMENT
B001015,2026-02-26,INV10438,743.28,CUSTOMER PAYMENT
B001016,2026-02-26,INV10135,6383.63,CUSTOMER PAYMENT
B001017,2026-02-27,INV10831,2052.56,CUSTOMER PAYMENT
B001018,2026-02-27,INV11041,288.69,CUSTOMER PAYMENT
B001019,2026-02-27,INV11158,500.0,CUSTOMER PAYMENT
B001020,2026-02-27,INV10193,6228.67,CUSTOMER PAYMENT
B001021,2026-02-27,INV10941,1320.59,CUSTOMER PAYMENT
B001022,2026-02-27,INV11301,2383.51,CUSTOMER PAYMENT
B001023,2026-02-27,INV10591,2549.55,CUSTOMER PAYMENT
B001024,2026-02-27,INV11239,1500.0,CUSTOMER PAYMENT
B001025,2026-02-27,INV10303,1241.66,CUSTOMER PAYMENT
B001026,2026-02-27,INV11068,231.7,CUSTOMER PAYMENT
B001027,2026-02-27,INV10069,1110.23,CUSTOMER PAYMENT
B001028,2026-02-27,inv11165,2500.0,CUSTOMER PAYMENT
B001029,2026-02-27,INV11097,3108.21,CUSTOMER PAYMENT
B001030,2026-02-27,INV10017,2110.34,CUSTOMER PAYMENT
B001031,2026-02-27,INV11467,8611.79,CUSTOMER PAYMENT
B001032,2026-02-28,INV10677,4790.54,CUSTOMER PAYMENT
B001033,2026-02-28,,25954.7,CUSTOMER PAYMENT
B001034,2026-02-28,INV11491,1838.05,CUSTOMER PAYMENT
B001035,2026-02-28,INV10347,12104.8,CUSTOMER PAYMENT
B001036,2026-02-28,INV10660,4151.93,CUSTOMER PAYMENT
B001037,2026-02-28,INV11075,1999.75,CUSTOMER PAYMENT
B001038,2026-02-28,INV10970,4553.79,CUSTOMER PAYMENT
B001039,2026-02-28,INV11090,1219.22,CUSTOMER PAYMENT
B001040,2026-02-28,INV10435,2749.35,CUSTOMER PAYMENT
B001041,2026-02-28,INV10755,9275.98,CUSTOMER PAYMENT
B001042,2026-02-28,INV10762,2000.0,CUSTOMER PAYMENT
B001043,2026-02-28,INV10107,23795.51,CUSTOMER PAYMENT
B001044,2026-02-28,INV10786,1062.81,CUSTOMER PAYMENT
B001045,2026-02-28,INV11205,750.0,CUSTOMER PAYMENT
B001046,2026-02-28,INV11116,1281.01,CUSTOMER PAYMENT
B001047,2026-02-28,INV11010,4110.23,CUSTOMER PAYMENT
B001048,2026-02-28,INV10333,7164.91,CUSTOMER PAYMENT
B001049,2026-02-28,INV10922,8087.56,CUSTOMER PAYMENT
B001050,2026-02-28,inv10527,3507.01,CUSTOMER PAYMENT
B001051,2026-02-28,INV11464,3313.07,CUSTOMER PAYMENT
B001052,2026-03-01,INV11131,3990.77,CUSTOMER PAYMENT
B001053,2026-03-01,INV10187,21105.84,CUSTOMER PAYMENT
B001054,2026-03-01,INV10050,909.59,CUSTOMER PAYMENT
B001055,2026-03-01,INV10240,1937.03,CUSTOMER PAYMENT
B001056,2026-03-01,INV10928,1865.21,CUSTOMER PAYMENT
B001057,2026-03-01,INV10492,7772.38,CUSTOMER PAYMENT
B001058,2026-03-01,INV11254,2387.29,CUSTOMER PAYMENT
B001059,2026-03-01,INV10862,1772.55,CUSTOMER PAYMENT
B001060,2026-03-01,INV10286,5243.64,CUSTOMER PAYMENT
B001061,2026-03-01,INV11179,242.04,CUSTOMER PAYMENT
B001062,2026-03-01,INV10533,14856.21,CUSTOMER PAYMENT
B001063,2026-03-01,INV10120,4228.34,CUSTOMER PAYMENT
B001064,2026-03-01,inv10459,2548.63,CUSTOMER PAYMENT
B001065,2026-03-01,INV11086,5159.17,CUSTOMER PAYMENT
B001066,2026-03-01,,3418.15,CUSTOMER PAYMENT
B001067,2026-03-01,INV10932,13255.57,CUSTOMER PAYMENT
B001068,2026-03-01,INV11139,10864.06,CUSTOMER PAYMENT
B001069,2026-03-01,INV11395,1124.58,CUSTOMER PAYMENT
B001070,2026-03-01,INV10101,25350.06,CUSTOMER PAYMENT
B001071,2026-03-01,inv10530,17102.7,CUSTOMER PAYMENT
B001072,2026-03-01,INV10119,1464.88,CUSTOMER PAYMENT
B001073,2026-03-02,INV10412,3378.72,CUSTOMER PAYMENT
B001074,2026-03-02,INV11466,4559.4,CUSTOMER PAYMENT
B001075,2026-03-02,INV11381,1164.93,CUSTOMER PAYMENT
B001076,2026-03-02,INV11130,750.0,CUSTOMER PAYMENT
B001077,2026-03-02,INV11283,7610.6,CUSTOMER PAYMENT
B001078,2026-03-02,INV10037,500.0,CUSTOMER PAYMENT
B001079,2026-03-02,INV10290,1776.39,CUSTOMER PAYMENT
B001080,2026-03-02,INV10854,2183.95,CUSTOMER PAYMENT
B001081,2026-03-02,INV10886,2000.0,CUSTOMER PAYMENT
B001082,2026-03-02,INV10500,12204.31,CUSTOMER PAYMENT
B001083,2026-03-02,INV10485,2978.42,CUSTOMER PAYMENT
B001084,2026-03-02,inv10033,11645.51,CUSTOMER PAYMENT
B001085,2026-03-02,INV11349,4994.07,CUSTOMER PAYMENT
B001086,2026-03-02,INV10416,1557.31,CUSTOMER PAYMENT
B001087,2026-03-02,INV10947,3966.53,CUSTOMER PAYMENT
B001088,2026-03-02,INV10245,1738.26,CUSTOMER PAYMENT
B001089,2026-03-02,,2130.58,CUSTOMER PAYMENT
B001090,2026-03-02,INV11398,12701.9,CUSTOMER PAYMENT
B001091,2026-03-02,INV10335,1646.43,CUSTOMER PAYMENT
B001092,2026-03-02,inv10034,1757.44,CUSTOMER PAYMENT
B001093,2026-03-03,INV10874,2541.87,CUSTOMER PAYMENT
B001094,2026-03-03,INV11221,1000.0,CUSTOMER PAYMENT
B001095,2026-03-03,INV10331,1124.08,CUSTOMER PAYMENT
B001096,2026-03-03,INV10661,8839.61,CUSTOMER PAYMENT
B001097,2026-03-03,INV11431,2000.0,CUSTOMER PAYMENT
B001098,2026-03-03,INV10549,5942.54,CUSTOMER PAYMENT
B001099,2026-03-03,INV11287,3242.56,CUSTOMER PAYMENT
B001100,2026-03-03,INV10824,4094.35,CUSTOMER PAYMENT
B001101,2026-03-03,INV11034,1551.27,CUSTOMER PAYMENT
B001102,2026-03-03,INV11264,2702.69,CUSTOMER PAYMENT
B001103,2026-03-03,INV11206,2706.86,CUSTOMER PAYMENT
B001104,2026-03-03,,7407.74,CUSTOMER PAYMENT
B001105,2026-03-04,INV11189,2401.17,CUSTOMER PAYMENT
B001106,2026-03-04,INV10030,5278.38,CUSTOMER PAYMENT
B001107,2026-03-04,INV11014,8831.88,CUSTOMER PAYMENT
B001108,2026-03-04,INV11061,24943.68,CUSTOMER PAYMENT
B001109,2026-03-04,INV10856,2241.89,CUSTOMER PAYMENT
B001110,2026-03-04,INV10352,1067.44,CUSTOMER PAYMENT
B001111,2026-03-04,inv10973,6628.82,CUSTOMER PAYMENT
B001112,2026-03-04,INV11030,528.22,CUSTOMER PAYMENT
B001113,2026-03-04,INV11219,734.35,CUSTOMER PAYMENT
B001114,2026-03-04,INV10729,3463.33,CUSTOMER PAYMENT
B001115,2026-03-04,INV11077,1666.96,CUSTOMER PAYMENT
B001116,2026-03-04,INV10015,5887.39,CUSTOMER PAYMENT
B001117,2026-03-04,INV10962,2946.43,CUSTOMER PAYMENT
B001118,2026-03-04,INV11268,5892.59,CUSTOMER PAYMENT
B001119,2026-03-04,INV11196,3868.05,CUSTOMER PAYMENT
B001120,2026-03-04,INV10532,6884.74,CUSTOMER PAYMENT
B001121,2026-03-04,INV10257,749.75,CUSTOMER PAYMENT
B001122,2026-03-04,inv10144,5859.44,CUSTOMER PAYMENT
B001123,2026-03-04,INV10149,2494.58,CUSTOMER PAYMENT
B001124,2026-03-04,INV11089,2215.77,CUSTOMER PAYMENT
B001125,2026-03-04,INV11062,2746.71,CUSTOMER PAYMENT
B001126,2026-03-05,INV11282,3568.73,CUSTOMER PAYMENT
B001127,2026-03-05,INV10121,4488.57,CUSTOMER PAYMENT
B001128,2026-03-05,INV10915,2225.36,CUSTOMER PAYMENT
B001129,2026-03-05,inv11399,1798.06,CUSTOMER PAYMENT
B001130,2026-03-05,INV11481,19512.02,CUSTOMER PAYMENT
B001131,2026-03-05,,1544.37,CUSTOMER PAYMENT
B001132,2026-03-05,INV10899,3425.66,CUSTOMER PAYMENT
B001133,2026-03-05,INV10386,8449.79,CUSTOMER PAYMENT
B001134,2026-03-05,INV10328,3208.97,CUSTOMER PAYMENT
B001135,2026-03-05,INV10950,3498.32,CUSTOMER PAYMENT
B001136,2026-03-05,INV11397,2810.96,CUSTOMER PAYMENT
B001137,2026-03-05,INV11133,3120.42,CUSTOMER PAYMENT
B001138,2026-03-05,INV11040,19550.18,CUSTOMER PAYMENT
B001139,2026-03-05,INV10176,14538.29,CUSTOMER PAYMENT
B001140,2026-03-05,INV10166,18682.49,CUSTOMER PAYMENT
B001141,2026-03-05,INV10996,5793.21,CUSTOMER PAYMENT
B001142,2026-03-05,INV11226,7352.74,CUSTOMER PAYMENT
B001143,2026-03-05,INV11336,13045.53,CUSTOMER PAYMENT
B001144,2026-03-05,INV10498,1860.24,CUSTOMER PAYMENT
B001145,2026-03-05,INV10848,2607.71,CUSTOMER PAYMENT
B001146,2026-03-05,INV11335,2332.12,CUSTOMER PAYMENT
B001147,2026-03-05,INV10215,2500.0,CUSTOMER PAYMENT
B001148,2026-03-05,INV11285,3689.38,CUSTOMER PAYMENT
B001149,2026-03-05,INV11186,1817.78,CUSTOMER PAYMENT
B001150,2026-03-05,INV10405,1931.49,CUSTOMER PAYMENT
B001151,2026-03-05,INV11458,5078.57,CUSTOMER PAYMENT
B001152,2026-03-05,INV10745,7687.44,CUSTOMER PAYMENT
B001153,2026-03-05,INV10298,3284.94,CUSTOMER PAYMENT
B001154,2026-03-05,INV11307,2928.9,CUSTOMER PAYMENT
B001155,2026-03-05,INV10780,3290.29,CUSTOMER PAYMENT
B001156,2026-03-05,INV10614,7043.04,CUSTOMER PAYMENT
B001157,2026-03-05,INV10178,2001.24,CUSTOMER PAYMENT
B001158,2026-03-06,INV10624,14732.84,CUSTOMER PAYMENT
B001159,2026-03-06,INV11351,4439.22,CUSTOMER PAYMENT
B001160,2026-03-06,INV10753,2918.28,CUSTOMER PAYMENT
B001161,2026-03-06,INV10811,23805.33,CUSTOMER PAYMENT
B001162,2026-03-06,INV11198,2968.47,CUSTOMER PAYMENT
B001163,2026-03-06,INV11476,7790.06,CUSTOMER PAYMENT
B001164,2026-03-06,INV11303,4855.85,CUSTOMER PAYMENT
B001165,2026-03-06,INV10960,1635.03,CUSTOMER PAYMENT
B001166,2026-03-06,INV10055,3588.65,CUSTOMER PAYMENT
B001167,2026-03-06,INV10497,4283.76,CUSTOMER PAYMENT
B001168,2026-03-06,INV11445,4111.83,CUSTOMER PAYMENT
B001169,2026-03-06,inv10837,1500.0,CUSTOMER PAYMENT
B001170,2026-03-06,INV11098,2211.88,CUSTOMER PAYMENT
B001171,2026-03-06,,2444.27,CUSTOMER PAYMENT
B001172,2026-03-06,INV10514,21588.91,CUSTOMER PAYMENT
B001173,2026-03-06,inv10859,598.99,CUSTOMER PAYMENT
B001174,2026-03-06,INV10494,9133.3,CUSTOMER PAYMENT
B001175,2026-03-07,INV10517,12761.34,CUSTOMER PAYMENT
B001176,2026-03-07,INV10164,754.23,CUSTOMER PAYMENT
B001177,2026-03-07,INV10299,1660.72,CUSTOMER PAYMENT
B001178,2026-03-07,INV10125,4329.31,CUSTOMER PAYMENT
B001179,2026-03-07,INV10384,5979.6,CUSTOMER PAYMENT
B001180,2026-03-07,INV10031,8212.38,CUSTOMER PAYMENT
B001181,2026-03-07,INV11162,4013.38,CUSTOMER PAYMENT
B001182,2026-03-07,INV10573,5000.0,CUSTOMER PAYMENT
B001183,2026-03-07,INV10311,1124.43,CUSTOMER PAYMENT
B001184,2026-03-07,INV11215,2625.09,CUSTOMER PAYMENT
B001185,2026-03-07,inv10878,2405.1,CUSTOMER PAYMENT
B001186,2026-03-07,INV10849,1053.19,CUSTOMER PAYMENT
B001187,2026-03-07,INV11360,4915.94,CUSTOMER PAYMENT
B001188,2026-03-07,INV10259,1106.44,CUSTOMER PAYMENT
B001189,2026-03-07,inv11348,7924.11,CUSTOMER PAYMENT
B001190,2026-03-07,inv10082,12036.74,CUSTOMER PAYMENT
B001191,2026-03-07,INV10114,4368.0,CUSTOMER PAYMENT
B001192,2026-03-07,INV11373,1739.51,CUSTOMER PAYMENT
B001193,2026-03-07,INV10402,16705.77,CUSTOMER PAYMENT
B001194,2026-03-07,INV11081,4967.68,CUSTOMER PAYMENT
B001195,2026-03-07,INV11347,1500.0,CUSTOMER PAYMENT
B001196,2026-03-07,INV10203,41881.55,CUSTOMER PAYMENT
B001197,2026-03-08,INV10610,6171.21,CUSTOMER PAYMENT
B001198,2026-03-08,,500.0,CUSTOMER PAYMENT
B001199,2026-03-08,INV10025,3366.16,CUSTOMER PAYMENT
B001200,2026-03-08,INV10186,1713.12,CUSTOMER PAYMENT
B001201,2026-03-08,INV10820,1984.31,CUSTOMER PAYMENT
B001202,2026-03-08,INV11220,388.0,CUSTOMER PAYMENT
B001203,2026-03-08,INV11036,5854.77,CUSTOMER PAYMENT
B001204,2026-03-08,INV10851,7612.68,CUSTOMER PAYMENT
B001205,2026-03-08,INV10324,3459.09,CUSTOMER PAYMENT
B001206,2026-03-08,INV10830,2550.51,CUSTOMER PAYMENT
B001207,2026-03-08,INV10674,4150.28,CUSTOMER PAYMENT
B001208,2026-03-08,INV10844,999.25,CUSTOMER PAYMENT
B001209,2026-03-08,INV10206,2415.8,CUSTOMER PAYMENT
B001210,2026-03-09,INV10916,750.0,CUSTOMER PAYMENT
B001211,2026-03-09,INV10338,28897.87,CUSTOMER PAYMENT
B001212,2026-03-09,INV10866,2147.79,CUSTOMER PAYMENT
B001213,2026-03-09,INV10703,2075.15,CUSTOMER PAYMENT
B001214,2026-03-09,INV10827,3931.59,CUSTOMER PAYMENT
B001215,2026-03-09,inv10411,3890.97,CUSTOMER PAYMENT
B001216,2026-03-09,INV10044,5818.65,CUSTOMER PAYMENT
B001217,2026-03-09,INV10137,4501.91,CUSTOMER PAYMENT
B001218,2026-03-09,INV10200,1349.41,CUSTOMER PAYMENT
B001219,2026-03-09,INV10512,2065.92,CUSTOMER PAYMENT
B001220,2026-03-09,INV10319,1000.0,CUSTOMER PAYMENT
B001221,2026-03-09,INV10092,590.35,CUSTOMER PAYMENT
B001222,2026-03-09,INV10428,262.62,CUSTOMER PAYMENT
B001223,2026-03-09,INV10828,490.26,CUSTOMER PAYMENT
B001224,2026-03-09,,4252.87,CUSTOMER PAYMENT
B001225,2026-03-09,INV10688,6907.92,CUSTOMER PAYMENT
B001226,2026-03-09,INV10040,7288.61,CUSTOMER PAYMENT
B001227,2026-03-09,INV10594,4089.95,CUSTOMER PAYMENT
B001228,2026-03-09,INV10659,2500.0,CUSTOMER PAYMENT
B001229,2026-03-09,INV10074,1565.2,CUSTOMER PAYMENT
B001230,2026-03-10,INV10743,7589.63,CUSTOMER PAYMENT
B001231,2026-03-10,INV11438,2874.05,CUSTOMER PAYMENT
B001232,2026-03-10,INV11008,567.98,CUSTOMER PAYMENT
B001233,2026-03-10,INV10173,1972.14,CUSTOMER PAYMENT
B001234,2026-03-10,INV10235,511.05,CUSTOMER PAYMENT
B001235,2026-03-10,INV11183,4017.85,CUSTOMER PAYMENT
B001236,2026-03-10,INV11422,840.42,CUSTOMER PAYMENT
B001237,2026-03-10,INV11447,4094.21,CUSTOMER PAYMENT
B001238,2026-03-10,INV10585,2340.19,CUSTOMER PAYMENT
B001239,2026-03-10,INV10134,1027.37,CUSTOMER PAYMENT
B001240,2026-03-10,INV10832,984.01,CUSTOMER PAYMENT
B001241,2026-03-10,INV10276,744.73,CUSTOMER PAYMENT
B001242,2026-03-10,INV10163,3984.96,CUSTOMER PAYMENT
B001243,2026-03-10,INV11216,2500.0,CUSTOMER PAYMENT
B001244,2026-03-10,INV10665,2327.74,CUSTOMER PAYMENT
B001245,2026-03-10,INV10291,982.68,CUSTOMER PAYMENT
B001246,2026-03-10,INV11078,4449.27,CUSTOMER PAYMENT
B001247,2026-03-10,inv10920,915.33,CUSTOMER PAYMENT
B001248,2026-03-10,INV10080,1102.34,CUSTOMER PAYMENT
B001249,2026-03-10,INV10626,749.5,CUSTOMER PAYMENT
B001250,2026-03-10,INV10292,1059.66,CUSTOMER PAYMENT
B001251,2026-03-10,INV10645,1500.0,CUSTOMER PAYMENT
B001252,2026-03-10,INV11001,2121.28,CUSTOMER PAYMENT
B001253,2026-03-11,INV10062,3965.77,CUSTOMER PAYMENT
B001254,2026-03-11,INV11486,2629.84,CUSTOMER PAYMENT
B001255,2026-03-11,INV10467,3955.72,CUSTOMER PAYMENT
B001256,2026-03-11,INV11038,2500.0,CUSTOMER PAYMENT
B001257,2026-03-11,INV11141,4805.41,CUSTOMER PAYMENT
B001258,2026-03-11,INV10434,4112.9,CUSTOMER PAYMENT
B001259,2026-03-11,inv11487,8869.09,CUSTOMER PAYMENT
B001260,2026-03-11,INV10440,6760.38,CUSTOMER PAYMENT
B001261,2026-03-11,INV11321,1589.32,CUSTOMER PAYMENT
B001262,2026-03-11,INV10085,1203.51,CUSTOMER PAYMENT
B001263,2026-03-11,INV10217,16300.14,CUSTOMER PAYMENT
B001264,2026-03-11,INV10427,672.51,CUSTOMER PAYMENT
B001265,2026-03-11,INV11437,3600.61,CUSTOMER PAYMENT
B001266,2026-03-11,INV11496,500.0,CUSTOMER PAYMENT
B001267,2026-03-11,INV11314,1104.97,CUSTOMER PAYMENT
B001268,2026-03-11,,4264.55,CUSTOMER PAYMENT
B001269,2026-03-11,INV10105,2238.77,CUSTOMER PAYMENT
B001270,2026-03-11,INV10604,667.86,CUSTOMER PAYMENT
B001271,2026-03-11,INV10651,1372.55,CUSTOMER PAYMENT
B001272,2026-03-11,INV10230,927.23,CUSTOMER PAYMENT
B001273,2026-03-11,INV11460,5273.96,CUSTOMER PAYMENT
B001274,2026-03-11,INV11235,1397.08,CUSTOMER PAYMENT
B001275,2026-03-11,INV11357,7623.58,CUSTOMER PAYMENT
B001276,2026-03-11,INV10640,1999.75,CUSTOMER PAYMENT
B001277,2026-03-12,INV11330,2060.32,CUSTOMER PAYMENT
B001278,2026-03-12,,2455.27,CUSTOMER PAYMENT
B001279,2026-03-12,INV10680,1997.22,CUSTOMER PAYMENT
B001280,2026-03-12,INV11367,10250.33,CUSTOMER PAYMENT
B001281,2026-03-12,inv10770,5048.42,CUSTOMER PAYMENT
B001282,2026-03-12,INV10694,999.5,CUSTOMER PAYMENT
B001283,2026-03-12,INV11138,4898.5,CUSTOMER PAYMENT
B001284,2026-03-12,INV10336,851.42,CUSTOMER PAYMENT
B001285,2026-03-12,INV10654,3435.77,CUSTOMER PAYMENT
B001286,2026-03-12,INV10237,750.0,CUSTOMER PAYMENT
B001287,2026-03-12,INV10918,23473.88,CUSTOMER PAYMENT
B001288,2026-03-12,INV10898,5255.23,CUSTOMER PAYMENT
B001289,2026-03-13,INV10289,13752.41,CUSTOMER PAYMENT
B001290,2026-03-13,INV10936,3814.25,CUSTOMER PAYMENT
B001291,2026-03-13,INV10914,1195.52,CUSTOMER PAYMENT
B001292,2026-03-13,inv11473,1652.36,CUSTOMER PAYMENT
B001293,2026-03-13,inv10462,1773.05,CUSTOMER PAYMENT
B001294,2026-03-13,inv10929,9216.78,CUSTOMER PAYMENT
B001295,2026-03-13,INV11199,1609.71,CUSTOMER PAYMENT
B001296,2026-03-13,INV10531,18061.86,CUSTOMER PAYMENT
B001297,2026-03-13,INV10304,4227.47,CUSTOMER PAYMENT
B001298,2026-03-13,INV11436,3277.24,CUSTOMER PAYMENT
B001299,2026-03-13,INV10615,5773.09,CUSTOMER PAYMENT
B001300,2026-03-13,INV11156,2000.0,CUSTOMER PAYMENT
B001301,2026-03-13,INV11248,1922.23,CUSTOMER PAYMENT
B001302,2026-03-14,INV11046,2792.75,CUSTOMER PAYMENT
B001303,2026-03-14,INV10070,3383.38,CUSTOMER PAYMENT
B001304,2026-03-14,,15955.48,CUSTOMER PAYMENT
B001305,2026-03-14,INV10850,4413.81,CUSTOMER PAYMENT
B001306,2026-03-14,INV10724,3378.98,CUSTOMER PAYMENT
B001307,2026-03-14,INV10057,5571.54,CUSTOMER PAYMENT
B001308,2026-03-14,INV10132,1129.11,CUSTOMER PAYMENT
B001309,2026-03-14,INV10954,10343.51,CUSTOMER PAYMENT
B001310,2026-03-14,INV10409,6409.86,CUSTOMER PAYMENT
B001311,2026-03-14,INV10664,1553.07,CUSTOMER PAYMENT
B001312,2026-03-14,INV11122,1560.2,CUSTOMER PAYMENT
B001313,2026-03-14,INV10489,1939.79,CUSTOMER PAYMENT
B001314,2026-03-14,INV10182,6151.15,CUSTOMER PAYMENT
B001315,2026-03-14,INV11109,40101.83,CUSTOMER PAYMENT
B001316,2026-03-14,INV10632,3005.16,CUSTOMER PAYMENT
B001317,2026-03-14,INV10077,1818.28,CUSTOMER PAYMENT
B001318,2026-03-15,INV11429,1534.54,CUSTOMER PAYMENT
B001319,2026-03-15,INV10371,1094.17,CUSTOMER PAYMENT
B001320,2026-03-15,INV10524,2805.7,CUSTOMER PAYMENT
B001321,2026-03-15,INV10769,2000.0,CUSTOMER PAYMENT
B001322,2026-03-15,INV10042,1092.23,CUSTOMER PAYMENT
B001323,2026-03-15,INV10005,3544.95,CUSTOMER PAYMENT
B001324,2026-03-15,INV10518,6601.28,CUSTOMER PAYMENT
B001325,2026-03-15,INV10629,1791.8,CUSTOMER PAYMENT
B001326,2026-03-15,INV10978,1466.1,CUSTOMER PAYMENT
B001327,2026-03-15,INV10963,4923.59,CUSTOMER PAYMENT
B001328,2026-03-15,INV10376,2939.9,CUSTOMER PAYMENT
B001329,2026-03-15,INV11278,3329.9,CUSTOMER PAYMENT
B001330,2026-03-15,INV10464,6976.33,CUSTOMER PAYMENT
B001331,2026-03-15,INV10359,2500.0,CUSTOMER PAYMENT
B001332,2026-03-15,INV10167,13014.78,CUSTOMER PAYMENT
B001333,2026-03-15,INV11103,2000.0,CUSTOMER PAYMENT
B001334,2026-03-16,INV10158,2207.94,CUSTOMER PAYMENT
B001335,2026-03-16,INV11157,7299.68,CUSTOMER PAYMENT
B001336,2026-03-16,INV11085,500.0,CUSTOMER PAYMENT
B001337,2026-03-16,INV11185,9609.06,CUSTOMER PAYMENT
B001338,2026-03-16,INV10024,3507.43,CUSTOMER PAYMENT
B001339,2026-03-16,,2917.58,CUSTOMER PAYMENT
B001340,2026-03-16,INV11317,3055.9,CUSTOMER PAYMENT
B001341,2026-03-16,inv10702,750.0,CUSTOMER PAYMENT
B001342,2026-03-16,INV10504,574.55,CUSTOMER PAYMENT
B001343,2026-03-16,INV10627,500.0,CUSTOMER PAYMENT
B001344,2026-03-16,INV10774,6141.11,CUSTOMER PAYMENT
B001345,2026-03-16,INV11411,2528.8,CUSTOMER PAYMENT
B001346,2026-03-16,INV10598,2910.61,CUSTOMER PAYMENT
B001347,2026-03-16,INV11230,2742.15,CUSTOMER PAYMENT
B001348,2026-03-16,INV10968,786.4,CUSTOMER PAYMENT
B001349,2026-03-16,INV11280,4331.49,CUSTOMER PAYMENT
B001350,2026-03-16,INV10089,3493.32,CUSTOMER PAYMENT
B001351,2026-03-16,INV10925,2700.95,CUSTOMER PAYMENT
B001352,2026-03-16,INV10142,343.18,CUSTOMER PAYMENT
B001353,2026-03-16,INV10816,5215.96,CUSTOMER PAYMENT
B001354,2026-03-16,INV10325,2817.63,CUSTOMER PAYMENT
B001355,2026-03-17,INV10803,5561.35,CUSTOMER PAYMENT
B001356,2026-03-17,INV10822,899.71,CUSTOMER PAYMENT
B001357,2026-03-17,INV11102,2788.29,CUSTOMER PAYMENT
B001358,2026-03-17,inv10079,4426.83,CUSTOMER PAYMENT
B001359,2026-03-17,INV10919,418.44,CUSTOMER PAYMENT
B001360,2026-03-17,inv10065,4306.39,CUSTOMER PAYMENT
B001361,2026-03-17,INV10344,3941.83,CUSTOMER PAYMENT
B001362,2026-03-17,INV11149,10321.13,CUSTOMER PAYMENT
B001363,2026-03-17,INV11124,1091.25,CUSTOMER PAYMENT
B001364,2026-03-17,INV11251,2818.41,CUSTOMER PAYMENT
B001365,2026-03-17,,2569.33,CUSTOMER PAYMENT
B001366,2026-03-17,INV11393,15030.27,CUSTOMER PAYMENT
B001367,2026-03-17,INV10971,8683.32,CUSTOMER PAYMENT
B001368,2026-03-17,inv11093,7108.09,CUSTOMER PAYMENT
B001369,2026-03-17,INV10007,780.37,CUSTOMER PAYMENT
B001370,2026-03-17,INV11286,5000.0,CUSTOMER PAYMENT
B001371,2026-03-17,INV11249,8392.39,CUSTOMER PAYMENT
B001372,2026-03-17,INV11214,4819.51,CUSTOMER PAYMENT
B001373,2026-03-17,INV10002,11409.11,CUSTOMER PAYMENT
B001374,2026-03-17,INV10621,774.99,CUSTOMER PAYMENT
B001375,2026-03-17,INV10004,600.07,CUSTOMER PAYMENT
B001376,2026-03-17,INV10374,12046.92,CUSTOMER PAYMENT
B001377,2026-03-18,INV10521,40226.87,CUSTOMER PAYMENT
B001378,2026-03-18,,6607.37,CUSTOMER PAYMENT
B001379,2026-03-18,INV11450,4544.3,CUSTOMER PAYMENT
B001380,2026-03-18,INV11178,4124.36,CUSTOMER PAYMENT
B001381,2026-03-18,INV10123,1500.0,CUSTOMER PAYMENT
B001382,2026-03-18,INV10669,1799.66,CUSTOMER PAYMENT
B001383,2026-03-18,INV10177,4345.61,CUSTOMER PAYMENT
B001384,2026-03-18,INV10907,1000.0,CUSTOMER PAYMENT
B001385,2026-03-18,INV10148,5483.06,CUSTOMER PAYMENT
B001386,2026-03-18,INV10933,9954.2,CUSTOMER PAYMENT
B001387,2026-03-18,INV11454,3728.06,CUSTOMER PAYMENT
B001388,2026-03-18,INV11191,1453.73,CUSTOMER PAYMENT
B001389,2026-03-18,INV10911,780.9,CUSTOMER PAYMENT
B001390,2026-03-18,INV10958,3357.72,CUSTOMER PAYMENT
B001391,2026-03-18,INV11129,3547.62,CUSTOMER PAYMENT
B001392,2026-03-19,INV10425,1058.99,CUSTOMER PAYMENT
B001393,2026-03-19,INV11457,588.86,CUSTOMER PAYMENT
B001394,2026-03-19,INV11126,14859.41,CUSTOMER PAYMENT
B001395,2026-03-19,INV10381,7006.87,CUSTOMER PAYMENT
B001396,2026-03-19,INV10901,687.18,CUSTOMER PAYMENT
B001397,2026-03-19,inv11238,4775.05,CUSTOMER PAYMENT
B001398,2026-03-19,INV11223,1137.54,CUSTOMER PAYMENT
B001399,2026-03-19,INV11474,13387.85,CUSTOMER PAYMENT
B001400,2026-03-19,inv10334,3531.38,CUSTOMER PAYMENT
B001401,2026-03-19,INV10133,2039.04,CUSTOMER PAYMENT
B001402,2026-03-19,INV10165,1747.93,CUSTOMER PAYMENT
B001403,2026-03-19,INV10443,4295.03,CUSTOMER PAYMENT
B001404,2026-03-19,INV10833,1638.33,CUSTOMER PAYMENT
B001405,2026-03-19,INV10312,6483.96,CUSTOMER PAYMENT
B001406,2026-03-19,INV10748,2055.29,CUSTOMER PAYMENT
B001407,2026-03-19,INV10441,5522.4,CUSTOMER PAYMENT
B001408,2026-03-19,INV10855,750.0,CUSTOMER PAYMENT
B001409,2026-03-19,INV10023,7782.02,CUSTOMER PAYMENT
B001410,2026-03-19,INV11134,2500.0,CUSTOMER PAYMENT
B001411,2026-03-19,INV10734,10448.7,CUSTOMER PAYMENT
B001412,2026-03-19,INV10301,1184.78,CUSTOMER PAYMENT
B001413,2026-03-19,inv10772,1548.83,CUSTOMER PAYMENT
B001414,2026-03-19,INV10436,16195.26,CUSTOMER PAYMENT
B001415,2026-03-19,INV11035,2663.09,CUSTOMER PAYMENT
B001416,2026-03-20,INV11023,631.65,CUSTOMER PAYMENT
B001417,2026-03-20,INV10095,3914.63,CUSTOMER PAYMENT
B001418,2026-03-20,INV10096,1099.43,CUSTOMER PAYMENT
B001419,2026-03-20,INV11420,4643.69,CUSTOMER PAYMENT
B001420,2026-03-20,inv11344,1815.94,CUSTOMER PAYMENT
B001421,2026-03-20,INV10826,1500.0,CUSTOMER PAYMENT
B001422,2026-03-20,INV10130,642.69,CUSTOMER PAYMENT
B001423,2026-03-20,inv10478,7155.94,CUSTOMER PAYMENT
B001424,2026-03-20,INV10372,3662.0,CUSTOMER PAYMENT
B001425,2026-03-20,INV11181,1664.85,CUSTOMER PAYMENT
B001426,2026-03-20,INV10313,1681.63,CUSTOMER PAYMENT
B001427,2026-03-20,INV10143,2588.05,CUSTOMER PAYMENT
B001428,2026-03-20,INV10283,2862.23,CUSTOMER PAYMENT
B001429,2026-03-20,INV10314,4351.45,CUSTOMER PAYMENT
B001430,2026-03-20,INV10382,927.19,CUSTOMER PAYMENT
B001431,2026-03-20,INV11352,4632.21,CUSTOMER PAYMENT
B001432,2026-03-20,INV10397,3382.74,CUSTOMER PAYMENT
B001433,2026-03-20,INV10209,9335.37,CUSTOMER PAYMENT
B001434,2026-03-20,INV10160,1407.14,CUSTOMER PAYMENT
B001435,2026-03-20,INV10617,6186.29,CUSTOMER PAYMENT
B001436,2026-03-20,INV10127,2507.4,CUSTOMER PAYMENT
B001437,2026-03-21,INV10891,8052.35,CUSTOMER PAYMENT
B001438,2026-03-21,INV10357,567.68,CUSTOMER PAYMENT
B001439,2026-03-21,INV11327,4933.64,CUSTOMER PAYMENT
B001440,2026-03-21,INV10129,3372.06,CUSTOMER PAYMENT
B001441,2026-03-21,INV10414,3434.31,CUSTOMER PAYMENT
B001442,2026-03-21,INV11052,3151.31,CUSTOMER PAYMENT
B001443,2026-03-21,INV10087,3135.33,CUSTOMER PAYMENT
B001444,2026-03-21,INV11260,1411.93,CUSTOMER PAYMENT
B001445,2026-03-21,INV11417,1825.25,CUSTOMER PAYMENT
B001446,2026-03-21,INV10773,1611.33,CUSTOMER PAYMENT
B001447,2026-03-21,INV10243,7266.43,CUSTOMER PAYMENT
B001448,2026-03-21,INV11470,3739.15,CUSTOMER PAYMENT
B001449,2026-03-21,INV11065,3273.2,CUSTOMER PAYMENT
B001450,2026-03-21,INV10766,4951.72,CUSTOMER PAYMENT
B001451,2026-03-21,INV10939,6553.77,CUSTOMER PAYMENT
B001452,2026-03-21,INV11024,4603.01,CUSTOMER PAYMENT
B001453,2026-03-21,INV10731,1322.25,CUSTOMER PAYMENT
B001454,2026-03-21,INV10691,4031.52,CUSTOMER PAYMENT
B001455,2026-03-22,INV10399,5576.95,CUSTOMER PAYMENT
B001456,2026-03-22,INV10509,3920.25,CUSTOMER PAYMENT
B001457,2026-03-22,INV11207,2373.1,CUSTOMER PAYMENT
B001458,2026-03-22,INV11043,2500.0,CUSTOMER PAYMENT
B001459,2026-03-22,inv10593,2738.43,CUSTOMER PAYMENT
B001460,2026-03-22,INV10345,1219.43,CUSTOMER PAYMENT
B001461,2026-03-22,inv10393,500.0,CUSTOMER PAYMENT
B001462,2026-03-22,inv10249,3924.58,CUSTOMER PAYMENT
B001463,2026-03-22,INV10765,1713.53,CUSTOMER PAYMENT
B001464,2026-03-22,INV11152,4180.27,CUSTOMER PAYMENT
B001465,2026-03-22,INV11227,4482.13,CUSTOMER PAYMENT
B001466,2026-03-22,INV11364,3197.88,CUSTOMER PAYMENT
B001467,2026-03-22,INV10383,4764.95,CUSTOMER PAYMENT
B001468,2026-03-22,INV10368,3899.22,CUSTOMER PAYMENT
B001469,2026-03-22,INV10505,2195.01,CUSTOMER PAYMENT
B001470,2026-03-22,INV11154,12526.95,CUSTOMER PAYMENT
B001471,2026-03-22,INV10188,4799.14,CUSTOMER PAYMENT
