gl_id,posting_date,reference,amount,account
G000001,2026-01-02,11271-PMT,476.24,1010-CASH-CLEARING
G000002,2026-01-02,10656-PMT,4744.77,1010-CASH-CLEARING
G000003,2026-01-02,10059-PMT,3604.79,1010-CASH-CLEARING
G000004,2026-01-03,10601-PMT,690.43,1010-CASH-CLEARING
G000005,2026-01-03,10430-PMT,3170.77,1010-CASH-CLEARING
G000006,2026-01-03,11072-PMT,4035.08,1010-CASH-CLEARING
G000007,2026-01-03,10672-PMT,7245.69,1010-CASH-CLEARING
G000008,2026-01-03,10093-PMT,12115.65,1010-CASH-CLEARING
G000009,2026-01-03,10365-PMT,8848.43,1010-CASH-CLEARING
G000010,2026-01-03,11026-PMT,2729.12,1010-CASH-CLEARING
G000011,2026-01-03,10028-PMT,4627.41,1010-CASH-CLEARING
G000012,2026-01-03,10579-PMT,5380.67,1010-CASH-CLEARING
G000013,2026-01-03,10836-PMT,1372.94,1010-CASH-CLEARING
G000014,2026-01-03,10554-PMT,5000.0,1010-CASH-CLEARING
G000015,2026-01-03,10946-PMT,2517.78,1010-CASH-CLEARING
G000016,2026-01-04,10885-PMT,5589.46,1010-CASH-CLEARING
G000017,2026-01-04,10266-PMT,1215.3,1010-CASH-CLEARING
G000018,2026-01-04,10807-PMT,1807.27,1010-CASH-CLEARING
G000019,2026-01-04,10018-PMT,4735.39,1010-CASH-CLEARING
G000020,2026-01-04,11479-PMT,1303.54,1010-CASH-CLEARING
G000021,2026-01-04,10895-PMT,3169.51,1010-CASH-CLEARING
G000022,2026-01-04,10364-PMT,1984.59,1010-CASH-CLEARING
G000023,2026-01-04,11172-PMT,1500.0,1010-CASH-CLEARING
G000024,2026-01-04,10764-PMT,2073.3,1010-CASH-CLEARING
G000025,2026-01-04,10323-PMT,2530.31,1010-CASH-CLEARING
G000026,2026-01-05,11146-PMT,6628.39,1010-CASH-CLEARING
G000027,2026-01-05,11202-PMT,1000.0,1010-CASH-CLEARING
G000028,2026-01-05,11170-PMT,940.76,1010-CASH-CLEARING
G000029,2026-01-05,11456-PMT,4690.88,1010-CASH-CLEARING
G000030,2026-01-05,10322-PMT,2465.17,1010-CASH-CLEARING
G000031,2026-01-05,10294-PMT,10233.52,1010-CASH-CLEARING
G000032,2026-01-05,11323-PMT,2758.55,1010-CASH-CLEARING
G000033,2026-01-05,10251-PMT,4918.12,1010-CASH-CLEARING
G000034,2026-01-05,11059-PMT,1827.35,1010-CASH-CLEARING
G000035,2026-01-05,10503-PMT,598.65,1010-CASH-CLEARING
G000036,2026-01-05,10228-PMT,2404.77,1010-CASH-CLEARING
G000037,2026-01-05,10884-PMT,3883.51,1010-CASH-CLEARING
G000038,2026-01-05,11385-PMT,6720.32,1010-CASH-CLEARING
G000039,2026-01-05,10171-PMT,8789.53,1010-CASH-CLEARING
G000040,2026-01-05,10719-PMT,484.54,1010-CASH-CLEARING
G000041,2026-01-05,11025-PMT,4914.03,1010-CASH-CLEARING
G000042,2026-01-05,10802-PMT,5214.72,1010-CASH-CLEARING
G000043,2026-01-05,10067-PMT,2609.98,1010-CASH-CLEARING
G000044,2026-01-06,10377-PMT,1389.95,1010-CASH-CLEARING
G000045,2026-01-06,10902-PMT,7668.92,1010-CASH-CLEARING
G000046,2026-01-06,11368-PMT,1716.71,1010-CASH-CLEARING
G000047,2026-01-06,11110-PMT,1228.69,1010-CASH-CLEARING
G000048,2026-01-06,10757-PMT,453.66,1010-CASH-CLEARING
G000049,2026-01-06,11309-PMT,1191.9,1010-CASH-CLEARING
G000050,2026-01-06,10358-PMT,8006.79,1010-CASH-CLEARING
G000051,2026-01-06,10460-PMT,7020.97,1010-CASH-CLEARING
G000052,2026-01-06,10568-PMT,2385.75,1010-CASH-CLEARING
G000053,2026-01-06,11497-PMT,4568.15,1010-CASH-CLEARING
G000054,2026-01-06,10192-PMT,3840.75,1010-CASH-CLEARING
G000055,2026-01-06,11407-PMT,1213.28,1010-CASH-CLEARING
G000056,2026-01-06,10346-PMT,8877.0,1010-CASH-CLEARING
G000057,2026-01-06,10499-PMT,3825.52,1010-CASH-CLEARING
G000058,2026-01-06,11049-PMT,4679.59,1010-CASH-CLEARING
G000059,2026-01-06,11263-PMT,7981.41,1010-CASH-CLEARING
G000060,2026-01-06,10650-PMT,6280.51,1010-CASH-CLEARING
G000061,2026-01-07,10307-PMT,2255.52,1010-CASH-CLEARING
G000062,2026-01-07,10910-PMT,5760.77,1010-CASH-CLEARING
G000063,2026-01-07,10776-PMT,3495.07,1010-CASH-CLEARING
G000064,2026-01-07,11111-PMT,3336.94,1010-CASH-CLEARING
G000065,2026-01-07,10091-PMT,1139.97,1010-CASH-CLEARING
G000066,2026-01-07,10083-PMT,1530.16,1010-CASH-CLEARING
G000067,2026-01-07,11410-PMT,2351.88,1010-CASH-CLEARING
G000068,2026-01-07,10948-PMT,9831.99,1010-CASH-CLEARING
G000069,2026-01-07,10172-PMT,1298.24,1010-CASH-CLEARING
G000070,2026-01-07,10596-PMT,1886.2,1010-CASH-CLEARING
G000071,2026-01-07,11169-PMT,480.31,1010-CASH-CLEARING
G000072,2026-01-07,10896-PMT,2443.58,1010-CASH-CLEARING
G000073,2026-01-07,10490-PMT,2630.66,1010-CASH-CLEARING
G000074,2026-01-07,10116-PMT,3352.41,1010-CASH-CLEARING
G000075,2026-01-07,11005-PMT,956.18,1010-CASH-CLEARING
G000076,2026-01-08,10540-PMT,12095.16,1010-CASH-CLEARING
G000077,2026-01-08,10787-PMT,4616.74,1010-CASH-CLEARING
G000078,2026-01-08,10706-PMT,352.52,1010-CASH-CLEARING
G000079,2026-01-08,10727-PMT,3301.25,1010-CASH-CLEARING
G000080,2026-01-08,11213-PMT,1593.55,1010-CASH-CLEARING
G000081,2026-01-08,11322-PMT,36701.65,1010-CASH-CLEARING
G000082,2026-01-08,10625-PMT,5244.79,1010-CASH-CLEARING
G000083,2026-01-08,10572-PMT,2111.16,1010-CASH-CLEARING
G000084,2026-01-08,10351-PMT,5347.54,1010-CASH-CLEARING
G000085,2026-01-08,10683-PMT,2123.73,1010-CASH-CLEARING
G000086,2026-01-08,11354-PMT,8605.69,1010-CASH-CLEARING
G000087,2026-01-08,11446-PMT,646.53,1010-CASH-CLEARING
G000088,2026-01-08,10759-PMT,2884.07,1010-CASH-CLEARING
G000089,2026-01-08,10026-PMT,750.0,1010-CASH-CLEARING
G000090,2026-01-08,11182-PMT,944.52,1010-CASH-CLEARING
G000091,2026-01-09,10945-PMT,470.89,1010-CASH-CLEARING
G000092,2026-01-09,10041-PMT,4946.77,1010-CASH-CLEARING
G000093,2026-01-09,11132-PMT,2956.66,1010-CASH-CLEARING
G000094,2026-01-09,10926-PMT,3357.79,1010-CASH-CLEARING
G000095,2026-01-09,10349-PMT,3516.17,1010-CASH-CLEARING
G000096,2026-01-09,10698-PMT,6306.75,1010-CASH-CLEARING
G000097,2026-01-09,10373-PMT,500.0,1010-CASH-CLEARING
G000098,2026-01-09,10496-PMT,949.39,1010-CASH-CLEARING
G000099,2026-01-09,10969-PMT,6398.23,1010-CASH-CLEARING
G000100,2026-01-09,11353-PMT,1135.84,1010-CASH-CLEARING
G000101,2026-01-09,10721-PMT,8441.92,1010-CASH-CLEARING
G000102,2026-01-09,11421-PMT,4126.7,1010-CASH-CLEARING
G000103,2026-01-09,11343-PMT,5274.98,1010-CASH-CLEARING
G000104,2026-01-09,10353-PMT,1888.35,1010-CASH-CLEARING
G000105,2026-01-09,11326-PMT,3599.66,1010-CASH-CLEARING
G000106,2026-01-09,10931-PMT,4348.64,1010-CASH-CLEARING
G000107,2026-01-10,10634-PMT,4659.35,1010-CASH-CLEARING
G000108,2026-01-10,10466-PMT,3702.5,1010-CASH-CLEARING
G000109,2026-01-10,10906-PMT,7687.96,1010-CASH-CLEARING
G000110,2026-01-10,10232-PMT,8077.27,1010-CASH-CLEARING
G000111,2026-01-10,10210-PMT,4158.94,1010-CASH-CLEARING
G000112,2026-01-10,10846-PMT,5009.23,1010-CASH-CLEARING
G000113,2026-01-10,11188-PMT,4147.68,1010-CASH-CLEARING
G000114,2026-01-10,11232-PMT,6716.24,1010-CASH-CLEARING
G000115,2026-01-10,11079-PMT,3068.6,1010-CASH-CLEARING
G000116,2026-01-10,10992-PMT,7249.21,1010-CASH-CLEARING
G000117,2026-01-10,11365-PMT,1837.84,1010-CASH-CLEARING
G000118,2026-01-10,10905-PMT,10960.17,1010-CASH-CLEARING
G000119,2026-01-10,10746-PMT,2104.25,1010-CASH-CLEARING
G000120,2026-01-10,10655-PMT,1342.23,1010-CASH-CLEARING
G000121,2026-01-10,10225-PMT,5545.08,1010-CASH-CLEARING
G000122,2026-01-10,11261-PMT,12527.76,1010-CASH-CLEARING
G000123,2026-01-10,11151-PMT,4533.54,1010-CASH-CLEARING
G000124,2026-01-10,10574-PMT,8895.94,1010-CASH-CLEARING
G000125,2026-01-10,11243-PMT,2715.3,1010-CASH-CLEARING
G000126,2026-01-10,10275-PMT,3161.59,1010-CASH-CLEARING
G000127,2026-01-10,10227-PMT,9648.62,1010-CASH-CLEARING
G000128,2026-01-10,10508-PMT,2840.97,1010-CASH-CLEARING
G000129,2026-01-10,10162-PMT,2000.0,1010-CASH-CLEARING
G000130,2026-01-10,10713-PMT,1283.5,1010-CASH-CLEARING
G000131,2026-01-10,10990-PMT,3493.22,1010-CASH-CLEARING
G000132,2026-01-11,11331-PMT,500.0,1010-CASH-CLEARING
G000133,2026-01-11,11463-PMT,1511.98,1010-CASH-CLEARING
G000134,2026-01-11,10597-PMT,2952.83,1010-CASH-CLEARING
G000135,2026-01-11,10394-PMT,3281.73,1010-CASH-CLEARING
G000136,2026-01-11,10048-PMT,1568.12,1010-CASH-CLEARING
G000137,2026-01-11,11114-PMT,1298.28,1010-CASH-CLEARING
G000138,2026-01-11,11136-PMT,8199.96,1010-CASH-CLEARING
G000139,2026-01-11,10046-PMT,1937.11,1010-CASH-CLEARING
G000140,2026-01-11,11495-PMT,5514.95,1010-CASH-CLEARING
G000141,2026-01-11,10602-PMT,48000.0,1010-CASH-CLEARING
G000142,2026-01-11,10483-PMT,700.85,1010-CASH-CLEARING
G000143,2026-01-11,10419-PMT,11681.26,1010-CASH-CLEARING
G000144,2026-01-11,10403-PMT,6012.27,1010-CASH-CLEARING
G000145,2026-01-11,10686-PMT,9328.34,1010-CASH-CLEARING
G000146,2026-01-11,10681-PMT,13557.73,1010-CASH-CLEARING
G000147,2026-01-11,10883-PMT,9069.42,1010-CASH-CLEARING
G000148,2026-01-11,10106-PMT,3776.52,1010-CASH-CLEARING
G000149,2026-01-11,11386-PMT,3090.92,1010-CASH-CLEARING
G000150,2026-01-11,11402-PMT,4307.73,1010-CASH-CLEARING
G000151,2026-01-11,10894-PMT,1168.32,1010-CASH-CLEARING
G000152,2026-01-11,10752-PMT,936.96,1010-CASH-CLEARING
G000153,2026-01-12,10408-PMT,1626.13,1010-CASH-CLEARING
G000154,2026-01-12,10180-PMT,3401.69,1010-CASH-CLEARING
G000155,2026-01-12,10060-PMT,1500.0,1010-CASH-CLEARING
G000156,2026-01-12,10250-PMT,1903.8,1010-CASH-CLEARING
G000157,2026-01-12,11060-PMT,7341.38,1010-CASH-CLEARING
G000158,2026-01-12,10957-PMT,2500.0,1010-CASH-CLEARING
G000159,2026-01-12,10653-PMT,5250.55,1010-CASH-CLEARING
G000160,2026-01-12,10450-PMT,3534.96,1010-CASH-CLEARING
G000161,2026-01-12,11408-PMT,750.0,1010-CASH-CLEARING
G000162,2026-01-12,10955-PMT,459.67,1010-CASH-CLEARING
G000163,2026-01-12,11166-PMT,8764.43,1010-CASH-CLEARING
G000164,2026-01-12,10036-PMT,3231.8,1010-CASH-CLEARING
G000165,2026-01-12,10616-PMT,5153.23,1010-CASH-CLEARING
G000166,2026-01-12,10705-PMT,1208.0,1010-CASH-CLEARING
G000167,2026-01-12,10109-PMT,3250.32,1010-CASH-CLEARING
G000168,2026-01-12,11022-PMT,2736.55,1010-CASH-CLEARING
G000169,2026-01-12,10782-PMT,2934.65,1010-CASH-CLEARING
G000170,2026-01-12,10737-PMT,2251.37,1010-CASH-CLEARING
G000171,2026-01-12,11209-PMT,2544.68,1010-CASH-CLEARING
G000172,2026-01-13,10588-PMT,3534.27,1010-CASH-CLEARING
G000173,2026-01-13,10921-PMT,3537.31,1010-CASH-CLEARING
G000174,2026-01-13,10880-PMT,5227.54,1010-CASH-CLEARING
G000175,2026-01-13,10019-PMT,4068.25,1010-CASH-CLEARING
G000176,2026-01-13,10709-PMT,5000.0,1010-CASH-CLEARING
G000177,2026-01-13,10461-PMT,6615.78,1010-CASH-CLEARING
G000178,2026-01-13,11329-PMT,3294.6,1010-CASH-CLEARING
G000179,2026-01-13,11404-PMT,15078.57,1010-CASH-CLEARING
G000180,2026-01-13,10355-PMT,2207.91,1010-CASH-CLEARING
G000181,2026-01-13,10519-PMT,2745.06,1010-CASH-CLEARING
G000182,2026-01-13,10247-PMT,500.0,1010-CASH-CLEARING
G000183,2026-01-13,10801-PMT,2639.86,1010-CASH-CLEARING
G000184,2026-01-13,10053-PMT,9706.18,1010-CASH-CLEARING
G000185,2026-01-13,10972-PMT,2305.17,1010-CASH-CLEARING
G000186,2026-01-13,10576-PMT,8826.6,1010-CASH-CLEARING
G000187,2026-01-13,11291-PMT,1759.43,1010-CASH-CLEARING
G000188,2026-01-13,10529-PMT,4550.74,1010-CASH-CLEARING
G000189,2026-01-13,11477-PMT,10546.38,1010-CASH-CLEARING
G000190,2026-01-13,10613-PMT,783.92,1010-CASH-CLEARING
G000191,2026-01-14,10495-PMT,4574.25,1010-CASH-CLEARING
G000192,2026-01-14,11242-PMT,627.25,1010-CASH-CLEARING
G000193,2026-01-14,10814-PMT,5562.2,1010-CASH-CLEARING
G000194,2026-01-14,10678-PMT,3960.66,1010-CASH-CLEARING
G000195,2026-01-14,11058-PMT,3074.55,1010-CASH-CLEARING
G000196,2026-01-14,10396-PMT,2000.0,1010-CASH-CLEARING
G000197,2026-01-14,10937-PMT,1611.84,1010-CASH-CLEARING
G000198,2026-01-14,10421-PMT,13712.91,1010-CASH-CLEARING
G000199,2026-01-14,11197-PMT,1710.11,1010-CASH-CLEARING
G000200,2026-01-14,10893-PMT,11097.14,1010-CASH-CLEARING
G000201,2026-01-14,11201-PMT,3871.34,1010-CASH-CLEARING
G000202,2026-01-14,11033-PMT,2500.0,1010-CASH-CLEARING
G000203,2026-01-14,11371-PMT,5715.91,1010-CASH-CLEARING
G000204,2026-01-14,10379-PMT,5515.96,1010-CASH-CLEARING
G000205,2026-01-14,10272-PMT,7597.44,1010-CASH-CLEARING
G000206,2026-01-14,10190-PMT,5735.67,1010-CASH-CLEARING
G000207,2026-01-14,10305-PMT,4090.74,1010-CASH-CLEARING
G000208,2026-01-14,11401-PMT,1039.77,1010-CASH-CLEARING
G000209,2026-01-14,10297-PMT,500.0,1010-CASH-CLEARING
G000210,2026-01-14,10010-PMT,1147.59,1010-CASH-CLEARING
G000211,2026-01-14,11376-PMT,652.0,1010-CASH-CLEARING
G000212,2026-01-15,11342-PMT,3358.61,1010-CASH-CLEARING
G000213,2026-01-15,10976-PMT,750.0,1010-CASH-CLEARING
G000214,2026-01-15,11003-PMT,3767.21,1010-CASH-CLEARING
G000215,2026-01-15,10501-PMT,1000.0,1010-CASH-CLEARING
G000216,2026-01-15,10072-PMT,1084.07,1010-CASH-CLEARING
G000217,2026-01-15,11200-PMT,750.0,1010-CASH-CLEARING
G000218,2026-01-15,11004-PMT,6905.84,1010-CASH-CLEARING
G000219,2026-01-15,10032-PMT,1354.03,1010-CASH-CLEARING
G000220,2026-01-15,10887-PMT,2000.01,1010-CASH-CLEARING
G000221,2026-01-15,11070-PMT,1000.0,1010-CASH-CLEARING
G000222,2026-01-15,10571-PMT,3509.41,1010-CASH-CLEARING
G000223,2026-01-16,11250-PMT,8808.26,1010-CASH-CLEARING
G000224,2026-01-16,10704-PMT,9350.24,1010-CASH-CLEARING
G000225,2026-01-16,10220-PMT,1430.99,1010-CASH-CLEARING
G000226,2026-01-16,10513-PMT,4547.73,1010-CASH-CLEARING
G000227,2026-01-16,10320-PMT,2500.0,1010-CASH-CLEARING
G000228,2026-01-16,11120-PMT,2800.75,1010-CASH-CLEARING
G000229,2026-01-16,10274-PMT,12531.73,1010-CASH-CLEARING
G000230,2026-01-16,10535-PMT,2170.47,1010-CASH-CLEARING
G000231,2026-01-16,10218-PMT,3807.66,1010-CASH-CLEARING
G000232,2026-01-16,10879-PMT,2407.46,1010-CASH-CLEARING
G000233,2026-01-16,11083-PMT,1000.0,1010-CASH-CLEARING
G000234,2026-01-16,10603-PMT,2612.38,1010-CASH-CLEARING
G000235,2026-01-16,11106-PMT,1277.1,1010-CASH-CLEARING
G000236,2026-01-16,10146-PMT,1253.23,1010-CASH-CLEARING
G000237,2026-01-16,11200-PMT,750.0,1010-CASH-CLEARING
G000238,2026-01-16,11485-PMT,628.9,1010-CASH-CLEARING
G000239,2026-01-16,10296-PMT,1460.91,1010-CASH-CLEARING
G000240,2026-01-16,11031-PMT,890.09,1010-CASH-CLEARING
G000241,2026-01-16,11173-PMT,1123.02,1010-CASH-CLEARING
G000242,2026-01-17,10542-PMT,4300.29,1010-CASH-CLEARING
G000243,2026-01-17,11258-PMT,2386.96,1010-CASH-CLEARING
G000244,2026-01-17,11363-PMT,2303.04,1010-CASH-CLEARING
G000245,2026-01-17,10124-PMT,806.95,1010-CASH-CLEARING
G000246,2026-01-17,11135-PMT,1493.44,1010-CASH-CLEARING
G000247,2026-01-17,10385-PMT,9853.72,1010-CASH-CLEARING
G000248,2026-01-17,11394-PMT,2984.79,1010-CASH-CLEARING
G000249,2026-01-17,10953-PMT,17900.17,1010-CASH-CLEARING
G000250,2026-01-17,10309-PMT,2505.89,1010-CASH-CLEARING
G000251,2026-01-17,10750-PMT,1500.0,1010-CASH-CLEARING
G000252,2026-01-17,10739-PMT,9646.37,1010-CASH-CLEARING
G000253,2026-01-17,11366-PMT,1817.6,1010-CASH-CLEARING
G000254,2026-01-17,10003-PMT,1472.65,1010-CASH-CLEARING
G000255,2026-01-17,10977-PMT,894.05,1010-CASH-CLEARING
G000256,2026-01-17,11302-PMT,2122.53,1010-CASH-CLEARING
G000257,2026-01-17,10742-PMT,10488.32,1010-CASH-CLEARING
G000258,2026-01-18,11471-PMT,2423.06,1010-CASH-CLEARING
G000259,2026-01-18,11167-PMT,11293.4,1010-CASH-CLEARING
G000260,2026-01-18,10216-PMT,5555.67,1010-CASH-CLEARING
G000261,2026-01-18,11312-PMT,3120.32,1010-CASH-CLEARING
G000262,2026-01-18,11482-PMT,1833.27,1010-CASH-CLEARING
G000263,2026-01-18,11288-PMT,14561.46,1010-CASH-CLEARING
G000264,2026-01-18,10486-PMT,4750.47,1010-CASH-CLEARING
G000265,2026-01-18,10380-PMT,5000.0,1010-CASH-CLEARING
G000266,2026-01-18,11094-PMT,829.07,1010-CASH-CLEARING
G000267,2026-01-18,11074-PMT,500.0,1010-CASH-CLEARING
G000268,2026-01-18,10555-PMT,13390.67,1010-CASH-CLEARING
G000269,2026-01-18,11168-PMT,2759.27,1010-CASH-CLEARING
G000270,2026-01-18,11028-PMT,6407.9,1010-CASH-CLEARING
G000271,2026-01-18,10580-PMT,1515.06,1010-CASH-CLEARING
G000272,2026-01-18,10975-PMT,11748.95,1010-CASH-CLEARING
G000273,2026-01-18,11245-PMT,459.66,1010-CASH-CLEARING
G000274,2026-01-18,10692-PMT,1969.09,1010-CASH-CLEARING
G000275,2026-01-18,10465-PMT,3477.35,1010-CASH-CLEARING
G000276,2026-01-18,10548-PMT,120.0,1010-CASH-CLEARING
G000277,2026-01-18,10097-PMT,3911.66,1010-CASH-CLEARING
G000278,2026-01-19,10723-PMT,582.34,1010-CASH-CLEARING
G000279,2026-01-19,10935-PMT,6549.61,1010-CASH-CLEARING
G000280,2026-01-19,11356-PMT,1307.67,1010-CASH-CLEARING
G000281,2026-01-19,11290-PMT,4606.74,1010-CASH-CLEARING
G000282,2026-01-19,11253-PMT,1500.0,1010-CASH-CLEARING
G000283,2026-01-19,10993-PMT,9667.11,1010-CASH-CLEARING
G000284,2026-01-19,10261-PMT,5386.77,1010-CASH-CLEARING
G000285,2026-01-19,10152-PMT,1897.55,1010-CASH-CLEARING
G000286,2026-01-19,11471-PMT,2423.06,1010-CASH-CLEARING
G000287,2026-01-19,10332-PMT,6181.09,1010-CASH-CLEARING
G000288,2026-01-19,10642-PMT,500.0,1010-CASH-CLEARING
G000289,2026-01-19,11069-PMT,3559.66,1010-CASH-CLEARING
G000290,2026-01-19,10084-PMT,4797.67,1010-CASH-CLEARING
G000291,2026-01-19,10607-PMT,6816.52,1010-CASH-CLEARING
G000292,2026-01-20,10126-PMT,8301.63,1010-CASH-CLEARING
G000293,2026-01-20,11416-PMT,1170.65,1010-CASH-CLEARING
G000294,2026-01-20,10406-PMT,11984.5,1010-CASH-CLEARING
G000295,2026-01-20,10487-PMT,2000.0,1010-CASH-CLEARING
G000296,2026-01-20,10520-PMT,4970.88,1010-CASH-CLEARING
G000297,2026-01-20,10045-PMT,3307.78,1010-CASH-CLEARING
G000298,2026-01-20,11468-PMT,4363.59,1010-CASH-CLEARING
G000299,2026-01-20,11453-PMT,4723.2,1010-CASH-CLEARING
G000300,2026-01-20,10136-PMT,2018.38,1010-CASH-CLEARING
G000301,2026-01-20,10670-PMT,899.58,1010-CASH-CLEARING
G000302,2026-01-20,10327-PMT,5955.08,1010-CASH-CLEARING
G000303,2026-01-20,11358-PMT,6549.25,1010-CASH-CLEARING
G000304,2026-01-20,10463-PMT,1177.4,1010-CASH-CLEARING
G000305,2026-01-20,10805-PMT,11671.5,1010-CASH-CLEARING
G000306,2026-01-21,11378-PMT,4810.82,1010-CASH-CLEARING
G000307,2026-01-21,10122-PMT,3177.32,1010-CASH-CLEARING
G000308,2026-01-21,10387-PMT,1742.9,1010-CASH-CLEARING
G000309,2026-01-21,10738-PMT,2280.88,1010-CASH-CLEARING
G000310,2026-01-21,10949-PMT,3690.47,1010-CASH-CLEARING
G000311,2026-01-21,10924-PMT,1972.41,1010-CASH-CLEARING
G000312,2026-01-21,10577-PMT,3369.69,1010-CASH-CLEARING
G000313,2026-01-21,11391-PMT,1744.31,1010-CASH-CLEARING
G000314,2026-01-21,10131-PMT,6352.32,1010-CASH-CLEARING
G000315,2026-01-21,11119-PMT,2218.66,1010-CASH-CLEARING
G000316,2026-01-21,10897-PMT,2638.51,1010-CASH-CLEARING
G000317,2026-01-21,10628-PMT,4629.0,1010-CASH-CLEARING
G000318,2026-01-22,11426-PMT,5000.0,1010-CASH-CLEARING
G000319,2026-01-22,11448-PMT,4009.04,1010-CASH-CLEARING
G000320,2026-01-22,10197-PMT,3162.95,1010-CASH-CLEARING
G000321,2026-01-22,10667-PMT,1070.48,1010-CASH-CLEARING
G000322,2026-01-22,10418-PMT,307.73,1010-CASH-CLEARING
G000323,2026-01-22,10689-PMT,3366.92,1010-CASH-CLEARING
G000324,2026-01-22,11483-PMT,2000.0,1010-CASH-CLEARING
G000325,2026-01-22,11082-PMT,1486.18,1010-CASH-CLEARING
G000326,2026-01-22,11266-PMT,5326.64,1010-CASH-CLEARING
G000327,2026-01-22,10701-PMT,3133.78,1010-CASH-CLEARING
G000328,2026-01-22,11318-PMT,1025.38,1010-CASH-CLEARING
G000329,2026-01-22,11461-PMT,5868.3,1010-CASH-CLEARING
G000330,2026-01-22,11276-PMT,2228.56,1010-CASH-CLEARING
G000331,2026-01-22,10956-PMT,2588.04,1010-CASH-CLEARING
G000332,2026-01-22,10913-PMT,2500.0,1010-CASH-CLEARING
G000333,2026-01-22,10484-PMT,5000.0,1010-CASH-CLEARING
G000334,2026-01-22,10110-PMT,1904.41,1010-CASH-CLEARING
G000335,2026-01-23,10940-PMT,1674.67,1010-CASH-CLEARING
G000336,2026-01-23,10102-PMT,1667.36,1010-CASH-CLEARING
G000337,2026-01-23,11096-PMT,3329.91,1010-CASH-CLEARING
G000338,2026-01-23,11362-PMT,5321.68,1010-CASH-CLEARING
G000339,2026-01-23,10903-PMT,2265.35,1010-CASH-CLEARING
G000340,2026-01-23,11400-PMT,2636.67,1010-CASH-CLEARING
G000341,2026-01-23,11387-PMT,2000.0,1010-CASH-CLEARING
G000342,2026-01-23,10641-PMT,1476.78,1010-CASH-CLEARING
G000343,2026-01-23,11455-PMT,3031.1,1010-CASH-CLEARING
G000344,2026-01-23,11247-PMT,2525.36,1010-CASH-CLEARING
G000345,2026-01-23,10909-PMT,1577.39,1010-CASH-CLEARING
G000346,2026-01-23,10687-PMT,3407.84,1010-CASH-CLEARING
G000347,2026-01-23,10647-PMT,9425.57,1010-CASH-CLEARING
G000348,2026-01-23,11020-PMT,2134.38,1010-CASH-CLEARING
G000349,2026-01-23,10475-PMT,5185.25,1010-CASH-CLEARING
G000350,2026-01-24,10600-PMT,5439.8,1010-CASH-CLEARING
G000351,2026-01-24,10444-PMT,11719.16,1010-CASH-CLEARING
G000352,2026-01-24,10470-PMT,3223.94,1010-CASH-CLEARING
G000353,2026-01-24,11211-PMT,873.79,1010-CASH-CLEARING
G000354,2026-01-24,11175-PMT,780.99,1010-CASH-CLEARING
G000355,2026-01-24,10872-PMT,1000.0,1010-CASH-CLEARING
G000356,2026-01-24,11050-PMT,5108.19,1010-CASH-CLEARING
G000357,2026-01-24,10959-PMT,4670.91,1010-CASH-CLEARING
G000358,2026-01-24,10258-PMT,4952.02,1010-CASH-CLEARING
G000359,2026-01-24,10684-PMT,16723.23,1010-CASH-CLEARING
G000360,2026-01-24,10390-PMT,1070.59,1010-CASH-CLEARING
G000361,2026-01-24,10623-PMT,2306.95,1010-CASH-CLEARING
G000362,2026-01-24,10546-PMT,1706.32,1010-CASH-CLEARING
G000363,2026-01-24,10649-PMT,6517.59,1010-CASH-CLEARING
G000364,2026-01-24,11187-PMT,4839.86,1010-CASH-CLEARING
G000365,2026-01-24,10673-PMT,3285.87,1010-CASH-CLEARING
G000366,2026-01-24,10340-PMT,2363.17,1010-CASH-CLEARING
G000367,2026-01-24,10861-PMT,2948.71,1010-CASH-CLEARING
G000368,2026-01-24,11289-PMT,4199.33,1010-CASH-CLEARING
G000369,2026-01-24,10061-PMT,5796.1,1010-CASH-CLEARING
G000370,2026-01-24,11484-PMT,2500.0,1010-CASH-CLEARING
G000371,2026-01-24,11498-PMT,969.86,1010-CASH-CLEARING
G000372,2026-01-25,10860-PMT,3934.11,1010-CASH-CLEARING
G000373,2026-01-25,10223-PMT,683.94,1010-CASH-CLEARING
G000374,2026-01-25,10539-PMT,1291.81,1010-CASH-CLEARING
G000375,2026-01-25,11492-PMT,2277.13,1010-CASH-CLEARING
G000376,2026-01-25,11037-PMT,1500.0,1010-CASH-CLEARING
G000377,2026-01-25,11174-PMT,3337.11,1010-CASH-CLEARING
G000378,2026-01-25,10761-PMT,4569.9,1010-CASH-CLEARING
G000379,2026-01-25,10432-PMT,2603.32,1010-CASH-CLEARING
G000380,2026-01-25,11255-PMT,5784.89,1010-CASH-CLEARING
G000381,2026-01-25,11257-PMT,2596.35,1010-CASH-CLEARING
G000382,2026-01-25,10330-PMT,4392.87,1010-CASH-CLEARING
G000383,2026-01-25,11372-PMT,1041.4,1010-CASH-CLEARING
G000384,2026-01-25,10747-PMT,973.23,1010-CASH-CLEARING
G000385,2026-01-25,11350-PMT,9785.64,1010-CASH-CLEARING
G000386,2026-01-26,11147-PMT,6977.94,1010-CASH-CLEARING
G000387,2026-01-26,10417-PMT,5506.1,1010-CASH-CLEARING
G000388,2026-01-26,10117-PMT,1500.0,1010-CASH-CLEARING
G000389,2026-01-26,11054-PMT,5294.86,1010-CASH-CLEARING
G000390,2026-01-26,11412-PMT,1121.66,1010-CASH-CLEARING
G000391,2026-01-26,10051-PMT,3194.48,1010-CASH-CLEARING
G000392,2026-01-26,10823-PMT,7005.19,1010-CASH-CLEARING
G000393,2026-01-26,10302-PMT,6073.47,1010-CASH-CLEARING
G000394,2026-01-26,10282-PMT,6413.7,1010-CASH-CLEARING
G000395,2026-01-26,10867-PMT,2954.22,1010-CASH-CLEARING
G000396,2026-01-26,10510-PMT,1977.47,1010-CASH-CLEARING
G000397,2026-01-26,11015-PMT,4235.32,1010-CASH-CLEARING
G000398,2026-01-26,10056-PMT,1422.4,1010-CASH-CLEARING
G000399,2026-01-26,11324-PMT,5690.59,1010-CASH-CLEARING
G000400,2026-01-26,11161-PMT,19375.66,1010-CASH-CLEARING
G000401,2026-01-26,11346-PMT,500.01,1010-CASH-CLEARING
G000402,2026-01-26,10479-PMT,5063.15,1010-CASH-CLEARING
G000403,2026-01-26,10740-PMT,8049.26,1010-CASH-CLEARING
G000404,2026-01-26,10457-PMT,3120.13,1010-CASH-CLEARING
G000405,2026-01-26,10583-PMT,759.51,1010-CASH-CLEARING
G000406,2026-01-26,10447-PMT,3472.49,1010-CASH-CLEARING
G000407,2026-01-26,10198-PMT,1125.62,1010-CASH-CLEARING
G000408,2026-01-26,10208-PMT,3036.12,1010-CASH-CLEARING
G000409,2026-01-26,10284-PMT,3217.38,1010-CASH-CLEARING
G000410,2026-01-26,10622-PMT,9168.15,1010-CASH-CLEARING
G000411,2026-01-26,10456-PMT,7058.34,1010-CASH-CLEARING
G000412,2026-01-27,10151-PMT,864.95,1010-CASH-CLEARING
G000413,2026-01-27,11379-PMT,1214.74,1010-CASH-CLEARING
G000414,2026-01-27,10631-PMT,2472.97,1010-CASH-CLEARING
G000415,2026-01-27,11413-PMT,500.0,1010-CASH-CLEARING
G000416,2026-01-27,10471-PMT,4042.96,1010-CASH-CLEARING
G000417,2026-01-27,10986-PMT,885.79,1010-CASH-CLEARING
G000418,2026-01-27,11009-PMT,627.48,1010-CASH-CLEARING
G000419,2026-01-27,10433-PMT,940.75,1010-CASH-CLEARING
G000420,2026-01-27,11045-PMT,2390.65,1010-CASH-CLEARING
G000421,2026-01-27,11208-PMT,4647.39,1010-CASH-CLEARING
G000422,2026-01-28,10547-PMT,1871.38,1010-CASH-CLEARING
G000423,2026-01-28,11244-PMT,1385.13,1010-CASH-CLEARING
G000424,2026-01-28,11048-PMT,1314.41,1010-CASH-CLEARING
G000425,2026-01-28,11380-PMT,5323.15,1010-CASH-CLEARING
G000426,2026-01-28,10543-PMT,5887.83,1010-CASH-CLEARING
G000427,2026-01-28,10239-PMT,2409.68,1010-CASH-CLEARING
G000428,2026-01-28,10873-PMT,8195.1,1010-CASH-CLEARING
G000429,2026-01-28,10578-PMT,3386.69,1010-CASH-CLEARING
G000430,2026-01-28,10280-PMT,750.0,1010-CASH-CLEARING
G000431,2026-01-28,10658-PMT,4476.76,1010-CASH-CLEARING
G000432,2026-01-28,10115-PMT,3401.92,1010-CASH-CLEARING
G000433,2026-01-28,10471-PMT,4042.96,1010-CASH-CLEARING
G000434,2026-01-28,11281-PMT,2248.62,1010-CASH-CLEARING
G000435,2026-01-28,10174-PMT,3729.63,1010-CASH-CLEARING
G000436,2026-01-28,10768-PMT,874.04,1010-CASH-CLEARING
G000437,2026-01-28,10052-PMT,2307.62,1010-CASH-CLEARING
G000438,2026-01-28,10090-PMT,7840.34,1010-CASH-CLEARING
G000439,2026-01-28,11204-PMT,3240.53,1010-CASH-CLEARING
G000440,2026-01-28,11469-PMT,1355.05,1010-CASH-CLEARING
G000441,2026-01-28,10300-PMT,1246.82,1010-CASH-CLEARING
G000442,2026-01-28,10853-PMT,2937.01,1010-CASH-CLEARING
G000443,2026-01-28,10612-PMT,6210.9,1010-CASH-CLEARING
G000444,2026-01-28,10238-PMT,792.34,1010-CASH-CLEARING
G000445,2026-01-28,11361-PMT,11843.7,1010-CASH-CLEARING
G000446,2026-01-29,10224-PMT,4000.04,1010-CASH-CLEARING
G000447,2026-01-29,10316-PMT,1923.36,1010-CASH-CLEARING
G000448,2026-01-29,10784-PMT,23313.29,1010-CASH-CLEARING
G000449,2026-01-29,11305-PMT,3186.68,1010-CASH-CLEARING
G000450,2026-01-29,11384-PMT,1227.68,1010-CASH-CLEARING
G000451,2026-01-29,10584-PMT,3951.67,1010-CASH-CLEARING
G000452,2026-01-29,10668-PMT,4153.9,1010-CASH-CLEARING
G000453,2026-01-29,10014-PMT,10916.08,1010-CASH-CLEARING
G000454,2026-01-29,10468-PMT,4310.64,1010-CASH-CLEARING
G000455,2026-01-29,11140-PMT,4633.0,1010-CASH-CLEARING
G000456,2026-01-29,10696-PMT,2323.38,1010-CASH-CLEARING
G000457,2026-01-29,10783-PMT,3531.89,1010-CASH-CLEARING
G000458,2026-01-29,10191-PMT,269.4,1010-CASH-CLEARING
G000459,2026-01-29,10075-PMT,5574.95,1010-CASH-CLEARING
G000460,2026-01-29,10035-PMT,11932.56,1010-CASH-CLEARING
G000461,2026-01-29,10620-PMT,4547.42,1010-CASH-CLEARING
G000462,2026-01-29,10565-PMT,797.63,1010-CASH-CLEARING
G000463,2026-01-29,10252-PMT,29219.39,1010-CASH-CLEARING
G000464,2026-01-29,10725-PMT,1449.87,1010-CASH-CLEARING
G000465,2026-01-29,10234-PMT,1544.87,1010-CASH-CLEARING
G000466,2026-01-29,11064-PMT,1487.97,1010-CASH-CLEARING
G000467,2026-01-30,10424-PMT,6443.03,1010-CASH-CLEARING
G000468,2026-01-30,10838-PMT,1132.97,1010-CASH-CLEARING
G000469,2026-01-30,10248-PMT,15857.45,1010-CASH-CLEARING
G000470,2026-01-30,10264-PMT,2172.21,1010-CASH-CLEARING
G000471,2026-01-30,11018-PMT,1000.0,1010-CASH-CLEARING
G000472,2026-01-30,11451-PMT,9811.97,1010-CASH-CLEARING
G000473,2026-01-30,11210-PMT,5676.68,1010-CASH-CLEARING
G000474,2026-01-30,10183-PMT,336.76,1010-CASH-CLEARING
G000475,2026-01-30,11099-PMT,4003.06,1010-CASH-CLEARING
G000476,2026-01-30,11095-PMT,2480.93,1010-CASH-CLEARING
G000477,2026-01-30,10423-PMT,1726.13,1010-CASH-CLEARING
G000478,2026-01-30,10599-PMT,559.83,1010-CASH-CLEARING
G000479,2026-01-30,11443-PMT,1044.32,1010-CASH-CLEARING
G000480,2026-01-30,11459-PMT,3102.24,1010-CASH-CLEARING
G000481,2026-01-30,10821-PMT,3400.95,1010-CASH-CLEARING
G000482,2026-01-30,11298-PMT,10098.97,1010-CASH-CLEARING
G000483,2026-01-30,11063-PMT,5495.97,1010-CASH-CLEARING
G000484,2026-01-30,11159-PMT,2444.43,1010-CASH-CLEARING
G000485,2026-01-30,11494-PMT,1683.23,1010-CASH-CLEARING
G000486,2026-01-30,10938-PMT,1827.96,1010-CASH-CLEARING
G000487,2026-01-30,11300-PMT,4492.48,1010-CASH-CLEARING
G000488,2026-01-31,11240-PMT,1685.48,1010-CASH-CLEARING
G000489,2026-01-31,10974-PMT,601.98,1010-CASH-CLEARING
G000490,2026-01-31,10221-PMT,4165.31,1010-CASH-CLEARING
G000491,2026-01-31,10980-PMT,1988.87,1010-CASH-CLEARING
G000492,2026-01-31,10064-PMT,5307.9,1010-CASH-CLEARING
G000493,2026-01-31,10663-PMT,1205.63,1010-CASH-CLEARING
G000494,2026-01-31,10128-PMT,4026.28,1010-CASH-CLEARING
G000495,2026-01-31,11308-PMT,2000.0,1010-CASH-CLEARING
G000496,2026-01-31,10391-PMT,740.58,1010-CASH-CLEARING
G000497,2026-01-31,10195-PMT,3763.99,1010-CASH-CLEARING
G000498,2026-01-31,10994-PMT,4548.53,1010-CASH-CLEARING
G000499,2026-01-31,11051-PMT,3472.31,1010-CASH-CLEARING
G000500,2026-02-01,10367-PMT,4080.57,1010-CASH-CLEARING
G000501,2026-02-01,10439-PMT,3414.28,1010-CASH-CLEARING
G000502,2026-02-01,11295-PMT,2663.1,1010-CASH-CLEARING
G000503,2026-02-01,10847-PMT,4395.21,1010-CASH-CLEARING
G000504,2026-02-01,10442-PMT,2403.76,1010-CASH-CLEARING
G000505,2026-02-01,10516-PMT,11541.47,1010-CASH-CLEARING
G000506,2026-02-01,10575-PMT,2665.86,1010-CASH-CLEARING
G000507,2026-02-01,10857-PMT,4294.39,1010-CASH-CLEARING
G000508,2026-02-01,11396-PMT,4197.75,1010-CASH-CLEARING
G000509,2026-02-01,10741-PMT,3318.06,1010-CASH-CLEARING
G000510,2026-02-01,11163-PMT,7013.88,1010-CASH-CLEARING
G000511,2026-02-01,11066-PMT,6848.88,1010-CASH-CLEARING
G000512,2026-02-01,11121-PMT,422.46,1010-CASH-CLEARING
G000513,2026-02-01,10961-PMT,721.49,1010-CASH-CLEARING
G000514,2026-02-01,10736-PMT,669.79,1010-CASH-CLEARING
G000515,2026-02-01,10606-PMT,2052.44,1010-CASH-CLEARING
G000516,2026-02-01,10733-PMT,11656.02,1010-CASH-CLEARING
G000517,2026-02-01,10888-PMT,500.0,1010-CASH-CLEARING
G000518,2026-02-02,11406-PMT,2000.0,1010-CASH-CLEARING
G000519,2026-02-02,11310-PMT,16134.44,1010-CASH-CLEARING
G000520,2026-02-02,10835-PMT,1134.43,1010-CASH-CLEARING
G000521,2026-02-02,11144-PMT,4171.55,1010-CASH-CLEARING
G000522,2026-02-02,10140-PMT,7686.36,1010-CASH-CLEARING
G000523,2026-02-02,10241-PMT,9532.87,1010-CASH-CLEARING
G000524,2026-02-02,10551-PMT,903.79,1010-CASH-CLEARING
G000525,2026-02-02,10236-PMT,1604.25,1010-CASH-CLEARING
G000526,2026-02-02,10281-PMT,1655.48,1010-CASH-CLEARING
G000527,2026-02-02,10169-PMT,2900.61,1010-CASH-CLEARING
G000528,2026-02-03,10525-PMT,1013.93,1010-CASH-CLEARING
G000529,2026-02-03,10157-PMT,3179.57,1010-CASH-CLEARING
G000530,2026-02-03,10637-PMT,1235.79,1010-CASH-CLEARING
G000531,2026-02-03,11340-PMT,9319.45,1010-CASH-CLEARING
G000532,2026-02-03,10819-PMT,2000.0,1010-CASH-CLEARING
G000533,2026-02-03,10242-PMT,1188.9,1010-CASH-CLEARING
G000534,2026-02-03,10038-PMT,1500.0,1010-CASH-CLEARING
G000535,2026-02-03,10796-PMT,4028.79,1010-CASH-CLEARING
G000536,2026-02-03,10047-PMT,2099.22,1010-CASH-CLEARING
G000537,2026-02-03,10835-PMT,1134.43,1010-CASH-CLEARING
G000538,2026-02-03,10889-PMT,3758.49,1010-CASH-CLEARING
G000539,2026-02-03,11339-PMT,1404.3,1010-CASH-CLEARING
G000540,2026-02-03,11452-PMT,2487.91,1010-CASH-CLEARING
G000541,2026-02-03,10751-PMT,1500.0,1010-CASH-CLEARING
G000542,2026-02-03,10618-PMT,1114.47,1010-CASH-CLEARING
G000543,2026-02-03,10944-PMT,4729.22,1010-CASH-CLEARING
G000544,2026-02-04,11016-PMT,1538.96,1010-CASH-CLEARING
G000545,2026-02-04,10923-PMT,1571.71,1010-CASH-CLEARING
G000546,2026-02-04,10523-PMT,1177.22,1010-CASH-CLEARING
G000547,2026-02-04,11490-PMT,3649.15,1010-CASH-CLEARING
G000548,2026-02-04,10068-PMT,2428.13,1010-CASH-CLEARING
G000549,2026-02-04,10388-PMT,777.15,1010-CASH-CLEARING
G000550,2026-02-04,11193-PMT,468.57,1010-CASH-CLEARING
G000551,2026-02-04,10404-PMT,8186.77,1010-CASH-CLEARING
G000552,2026-02-04,10233-PMT,16134.92,1010-CASH-CLEARING
G000553,2026-02-04,10788-PMT,893.36,1010-CASH-CLEARING
G000554,2026-02-04,10570-PMT,6544.27,1010-CASH-CLEARING
G000555,2026-02-04,10211-PMT,388.01,1010-CASH-CLEARING
G000556,2026-02-04,11345-PMT,1271.61,1010-CASH-CLEARING
G000557,2026-02-04,10415-PMT,902.06,1010-CASH-CLEARING
G000558,2026-02-04,11080-PMT,862.2,1010-CASH-CLEARING
G000559,2026-02-04,10150-PMT,1196.21,1010-CASH-CLEARING
G000560,2026-02-05,11435-PMT,933.93,1010-CASH-CLEARING
G000561,2026-02-05,11019-PMT,3240.79,1010-CASH-CLEARING
G000562,2026-02-05,10000-PMT,2000.0,1010-CASH-CLEARING
G000563,2026-02-05,11259-PMT,3451.24,1010-CASH-CLEARING
G000564,2026-02-05,10778-PMT,1585.28,1010-CASH-CLEARING
G000565,2026-02-05,10728-PMT,5656.03,1010-CASH-CLEARING
G000566,2026-02-05,10453-PMT,2273.78,1010-CASH-CLEARING
G000567,2026-02-05,11017-PMT,24089.57,1010-CASH-CLEARING
G000568,2026-02-05,10965-PMT,7789.91,1010-CASH-CLEARING
G000569,2026-02-05,10695-PMT,5586.46,1010-CASH-CLEARING
G000570,2026-02-05,11333-PMT,2485.84,1010-CASH-CLEARING
G000571,2026-02-05,11222-PMT,582.98,1010-CASH-CLEARING
G000572,2026-02-05,10964-PMT,1166.33,1010-CASH-CLEARING
G000573,2026-02-05,10458-PMT,1991.94,1010-CASH-CLEARING
G000574,2026-02-05,10369-PMT,1837.81,1010-CASH-CLEARING
G000575,2026-02-05,11100-PMT,5996.56,1010-CASH-CLEARING
G000576,2026-02-06,11478-PMT,1000.46,1010-CASH-CLEARING
G000577,2026-02-06,11084-PMT,15758.15,1010-CASH-CLEARING
G000578,2026-02-06,11415-PMT,1196.67,1010-CASH-CLEARING
G000579,2026-02-06,10269-PMT,6171.84,1010-CASH-CLEARING
G000580,2026-02-06,10113-PMT,5063.51,1010-CASH-CLEARING
G000581,2026-02-06,10481-PMT,10544.57,1010-CASH-CLEARING
G000582,2026-02-06,10558-PMT,541.56,1010-CASH-CLEARING
G000583,2026-02-06,10254-PMT,704.02,1010-CASH-CLEARING
G000584,2026-02-06,11155-PMT,3233.13,1010-CASH-CLEARING
G000585,2026-02-06,10147-PMT,904.21,1010-CASH-CLEARING
G000586,2026-02-06,11440-PMT,3208.63,1010-CASH-CLEARING
G000587,2026-02-06,11442-PMT,4797.86,1010-CASH-CLEARING
G000588,2026-02-06,10775-PMT,3603.25,1010-CASH-CLEARING
G000589,2026-02-06,10587-PMT,2890.12,1010-CASH-CLEARING
G000590,2026-02-06,11465-PMT,1640.79,1010-CASH-CLEARING
G000591,2026-02-06,10732-PMT,1814.98,1010-CASH-CLEARING
G000592,2026-02-06,10043-PMT,2155.46,1010-CASH-CLEARING
G000593,2026-02-06,10839-PMT,1927.12,1010-CASH-CLEARING
G000594,2026-02-06,10722-PMT,5830.29,1010-CASH-CLEARING
G000595,2026-02-06,10979-PMT,1206.62,1010-CASH-CLEARING
G000596,2026-02-06,10868-PMT,16088.16,1010-CASH-CLEARING
G000597,2026-02-06,11388-PMT,2724.71,1010-CASH-CLEARING
G000598,2026-02-06,11269-PMT,4316.44,1010-CASH-CLEARING
G000599,2026-02-06,10810-PMT,2539.99,1010-CASH-CLEARING
G000600,2026-02-06,10451-PMT,763.1,1010-CASH-CLEARING
G000601,2026-02-06,10063-PMT,2033.16,1010-CASH-CLEARING
G000602,2026-02-06,11246-PMT,4278.78,1010-CASH-CLEARING
G000603,2026-02-06,10366-PMT,925.84,1010-CASH-CLEARING
G000604,2026-02-07,10982-PMT,3290.68,1010-CASH-CLEARING
G000605,2026-02-07,11270-PMT,2530.47,1010-CASH-CLEARING
G000606,2026-02-07,11390-PMT,8464.84,1010-CASH-CLEARING
G000607,2026-02-07,11462-PMT,7458.93,1010-CASH-CLEARING
G000608,2026-02-07,10582-PMT,2667.86,1010-CASH-CLEARING
G000609,2026-02-07,10840-PMT,1555.34,1010-CASH-CLEARING
G000610,2026-02-07,11076-PMT,5658.9,1010-CASH-CLEARING
G000611,2026-02-07,11029-PMT,2586.61,1010-CASH-CLEARING
G000612,2026-02-07,10420-PMT,1265.55,1010-CASH-CLEARING
G000613,2026-02-07,10841-PMT,6686.15,1010-CASH-CLEARING
G000614,2026-02-07,10966-PMT,1432.37,1010-CASH-CLEARING
G000615,2026-02-07,10675-PMT,2755.53,1010-CASH-CLEARING
G000616,2026-02-07,10426-PMT,1308.42,1010-CASH-CLEARING
G000617,2026-02-07,11203-PMT,918.84,1010-CASH-CLEARING
G000618,2026-02-07,10795-PMT,7105.76,1010-CASH-CLEARING
G000619,2026-02-07,10375-PMT,1507.87,1010-CASH-CLEARING
G000620,2026-02-07,11225-PMT,20438.48,1010-CASH-CLEARING
G000621,2026-02-07,11319-PMT,9986.52,1010-CASH-CLEARING
G000622,2026-02-07,10767-PMT,1560.58,1010-CASH-CLEARING
G000623,2026-02-07,10184-PMT,2899.07,1010-CASH-CLEARING
G000624,2026-02-07,10398-PMT,364.38,1010-CASH-CLEARING
G000625,2026-02-08,11107-PMT,2500.0,1010-CASH-CLEARING
G000626,2026-02-08,10011-PMT,6295.08,1010-CASH-CLEARING
G000627,2026-02-08,10717-PMT,9544.09,1010-CASH-CLEARING
G000628,2026-02-08,11370-PMT,2000.0,1010-CASH-CLEARING
G000629,2026-02-08,11472-PMT,3829.84,1010-CASH-CLEARING
G000630,2026-02-08,10718-PMT,1000.0,1010-CASH-CLEARING
G000631,2026-02-08,10482-PMT,16144.99,1010-CASH-CLEARING
G000632,2026-02-08,10066-PMT,3174.77,1010-CASH-CLEARING
G000633,2026-02-08,10452-PMT,3849.8,1010-CASH-CLEARING
G000634,2026-02-08,11341-PMT,2763.87,1010-CASH-CLEARING
G000635,2026-02-08,10569-PMT,561.06,1010-CASH-CLEARING
G000636,2026-02-08,10473-PMT,6853.95,1010-CASH-CLEARING
G000637,2026-02-08,10214-PMT,40115.5,1010-CASH-CLEARING
G000638,2026-02-08,10979-PMT,1206.62,1010-CASH-CLEARING
G000639,2026-02-08,10794-PMT,8492.76,1010-CASH-CLEARING
G000640,2026-02-08,11071-PMT,2100.07,1010-CASH-CLEARING
G000641,2026-02-08,10541-PMT,832.08,1010-CASH-CLEARING
G000642,2026-02-08,10401-PMT,1394.52,1010-CASH-CLEARING
G000643,2026-02-08,11000-PMT,2500.0,1010-CASH-CLEARING
G000644,2026-02-08,11403-PMT,500.0,1010-CASH-CLEARING
G000645,2026-02-08,10022-PMT,604.23,1010-CASH-CLEARING
G000646,2026-02-08,10094-PMT,423.42,1010-CASH-CLEARING
G000647,2026-02-08,11262-PMT,1318.71,1010-CASH-CLEARING
G000648,2026-02-09,10317-PMT,2500.0,1010-CASH-CLEARING
G000649,2026-02-09,11267-PMT,1783.92,1010-CASH-CLEARING
G000650,2026-02-09,11292-PMT,6259.5,1010-CASH-CLEARING
G000651,2026-02-09,10078-PMT,3805.05,1010-CASH-CLEARING
G000652,2026-02-09,11115-PMT,1982.7,1010-CASH-CLEARING
G000653,2026-02-09,10012-PMT,5581.86,1010-CASH-CLEARING
G000654,2026-02-09,10553-PMT,6425.0,1010-CASH-CLEARING
G000655,2026-02-09,11369-PMT,6381.04,1010-CASH-CLEARING
G000656,2026-02-09,11192-PMT,17773.44,1010-CASH-CLEARING
G000657,2026-02-09,11423-PMT,4702.84,1010-CASH-CLEARING
G000658,2026-02-09,10609-PMT,952.21,1010-CASH-CLEARING
G000659,2026-02-09,10552-PMT,480.1,1010-CASH-CLEARING
G000660,2026-02-09,10202-PMT,1216.36,1010-CASH-CLEARING
G000661,2026-02-09,10196-PMT,1500.0,1010-CASH-CLEARING
G000662,2026-02-09,11313-PMT,5069.54,1010-CASH-CLEARING
G000663,2026-02-09,11427-PMT,1302.02,1010-CASH-CLEARING
G000664,2026-02-09,11171-PMT,14094.79,1010-CASH-CLEARING
G000665,2026-02-09,11145-PMT,3450.12,1010-CASH-CLEARING
G000666,2026-02-09,10682-PMT,1659.96,1010-CASH-CLEARING
G000667,2026-02-10,10685-PMT,5053.63,1010-CASH-CLEARING
G000668,2026-02-10,10730-PMT,5789.63,1010-CASH-CLEARING
G000669,2026-02-10,10756-PMT,5127.95,1010-CASH-CLEARING
G000670,2026-02-10,11153-PMT,6380.79,1010-CASH-CLEARING
G000671,2026-02-10,10493-PMT,8063.65,1010-CASH-CLEARING
G000672,2026-02-10,11218-PMT,3463.63,1010-CASH-CLEARING
G000673,2026-02-10,10789-PMT,6244.79,1010-CASH-CLEARING
G000674,2026-02-10,11012-PMT,8228.11,1010-CASH-CLEARING
G000675,2026-02-10,11241-PMT,3686.44,1010-CASH-CLEARING
G000676,2026-02-10,10256-PMT,500.0,1010-CASH-CLEARING
G000677,2026-02-10,10809-PMT,3233.15,1010-CASH-CLEARING
G000678,2026-02-10,10263-PMT,1781.83,1010-CASH-CLEARING
G000679,2026-02-10,10662-PMT,5768.11,1010-CASH-CLEARING
G000680,2026-02-10,11489-PMT,3022.22,1010-CASH-CLEARING
G000681,2026-02-10,11184-PMT,2500.99,1010-CASH-CLEARING
G000682,2026-02-10,10644-PMT,909.24,1010-CASH-CLEARING
G000683,2026-02-10,11233-PMT,1160.51,1010-CASH-CLEARING
G000684,2026-02-11,10589-PMT,7727.44,1010-CASH-CLEARING
G000685,2026-02-11,10797-PMT,1827.89,1010-CASH-CLEARING
G000686,2026-02-11,11414-PMT,522.29,1010-CASH-CLEARING
G000687,2026-02-11,11252-PMT,1422.66,1010-CASH-CLEARING
G000688,2026-02-11,10310-PMT,10791.01,1010-CASH-CLEARING
G000689,2026-02-11,10262-PMT,3562.47,1010-CASH-CLEARING
G000690,2026-02-11,10528-PMT,1146.84,1010-CASH-CLEARING
G000691,2026-02-11,11405-PMT,5661.39,1010-CASH-CLEARING
G000692,2026-02-11,10295-PMT,818.63,1010-CASH-CLEARING
G000693,2026-02-11,11432-PMT,2428.42,1010-CASH-CLEARING
G000694,2026-02-11,10378-PMT,1471.5,1010-CASH-CLEARING
G000695,2026-02-11,10363-PMT,6285.59,1010-CASH-CLEARING
G000696,2026-02-11,10112-PMT,1895.73,1010-CASH-CLEARING
G000697,2026-02-11,10181-PMT,2908.35,1010-CASH-CLEARING
G000698,2026-02-11,11277-PMT,223.82,1010-CASH-CLEARING
G000699,2026-02-11,11425-PMT,11508.05,1010-CASH-CLEARING
G000700,2026-02-11,10771-PMT,10422.57,1010-CASH-CLEARING
G000701,2026-02-12,11148-PMT,2215.88,1010-CASH-CLEARING
G000702,2026-02-12,10800-PMT,1987.36,1010-CASH-CLEARING
G000703,2026-02-12,10967-PMT,1000.0,1010-CASH-CLEARING
G000704,2026-02-12,10735-PMT,2698.11,1010-CASH-CLEARING
G000705,2026-02-12,10808-PMT,6951.45,1010-CASH-CLEARING
G000706,2026-02-12,10671-PMT,2509.32,1010-CASH-CLEARING
G000707,2026-02-12,10749-PMT,3105.53,1010-CASH-CLEARING
G000708,2026-02-12,11299-PMT,2164.89,1010-CASH-CLEARING
G000709,2026-02-12,10185-PMT,3267.98,1010-CASH-CLEARING
G000710,2026-02-12,11021-PMT,9937.88,1010-CASH-CLEARING
G000711,2026-02-12,10697-PMT,9845.68,1010-CASH-CLEARING
G000712,2026-02-12,11433-PMT,1593.75,1010-CASH-CLEARING
G000713,2026-02-12,10293-PMT,44078.45,1010-CASH-CLEARING
G000714,2026-02-12,10537-PMT,2286.64,1010-CASH-CLEARING
G000715,2026-02-12,10179-PMT,2587.35,1010-CASH-CLEARING
G000716,2026-02-12,11011-PMT,2954.7,1010-CASH-CLEARING
G000717,2026-02-12,10900-PMT,2880.48,1010-CASH-CLEARING
G000718,2026-02-12,11101-PMT,2500.0,1010-CASH-CLEARING
G000719,2026-02-12,10699-PMT,2915.59,1010-CASH-CLEARING
G000720,2026-02-12,10927-PMT,8865.45,1010-CASH-CLEARING
G000721,2026-02-12,10998-PMT,3210.95,1010-CASH-CLEARING
G000722,2026-02-12,11284-PMT,3693.29,1010-CASH-CLEARING
G000723,2026-02-13,10285-PMT,1685.83,1010-CASH-CLEARING
G000724,2026-02-13,10027-PMT,2010.31,1010-CASH-CLEARING
G000725,2026-02-13,11039-PMT,2720.66,1010-CASH-CLEARING
G000726,2026-02-13,10791-PMT,3079.69,1010-CASH-CLEARING
G000727,2026-02-13,10679-PMT,2802.33,1010-CASH-CLEARING
G000728,2026-02-13,10226-PMT,5371.69,1010-CASH-CLEARING
G000729,2026-02-13,10194-PMT,3309.91,1010-CASH-CLEARING
G000730,2026-02-13,10255-PMT,1892.39,1010-CASH-CLEARING
G000731,2026-02-13,10321-PMT,4395.58,1010-CASH-CLEARING
G000732,2026-02-13,10058-PMT,7883.1,1010-CASH-CLEARING
G000733,2026-02-13,11419-PMT,5002.11,1010-CASH-CLEARING
G000734,2026-02-13,10207-PMT,10387.18,1010-CASH-CLEARING
G000735,2026-02-13,10006-PMT,2711.2,1010-CASH-CLEARING
G000736,2026-02-13,10370-PMT,959.45,1010-CASH-CLEARING
G000737,2026-02-13,10843-PMT,628.65,1010-CASH-CLEARING
G000738,2026-02-13,10507-PMT,539.66,1010-CASH-CLEARING
G000739,2026-02-13,11320-PMT,922.56,1010-CASH-CLEARING
G000740,2026-02-13,10619-PMT,1930.01,1010-CASH-CLEARING
G000741,2026-02-13,10561-PMT,7297.18,1010-CASH-CLEARING
G000742,2026-02-13,10205-PMT,1386.89,1010-CASH-CLEARING
G000743,2026-02-13,10567-PMT,1005.65,1010-CASH-CLEARING
G000744,2026-02-13,10477-PMT,2631.75,1010-CASH-CLEARING
G000745,2026-02-13,10636-PMT,6443.95,1010-CASH-CLEARING
G000746,2026-02-13,11256-PMT,997.35,1010-CASH-CLEARING
G000747,2026-02-13,10608-PMT,3866.74,1010-CASH-CLEARING
G000748,2026-02-14,10013-PMT,5000.0,1010-CASH-CLEARING
G000749,2026-02-14,10279-PMT,1893.35,1010-CASH-CLEARING
G000750,2026-02-14,10515-PMT,7643.61,1010-CASH-CLEARING
G000751,2026-02-14,10790-PMT,1286.26,1010-CASH-CLEARING
G000752,2026-02-14,10633-PMT,4808.74,1010-CASH-CLEARING
G000753,2026-02-14,10199-PMT,2651.22,1010-CASH-CLEARING
G000754,2026-02-14,11088-PMT,479.98,1010-CASH-CLEARING
G000755,2026-02-14,10231-PMT,1276.61,1010-CASH-CLEARING
G000756,2026-02-14,11338-PMT,551.9,1010-CASH-CLEARING
G000757,2026-02-14,11441-PMT,1450.04,1010-CASH-CLEARING
G000758,2026-02-14,10020-PMT,3710.03,1010-CASH-CLEARING
G000759,2026-02-14,10138-PMT,653.41,1010-CASH-CLEARING
G000760,2026-02-14,10201-PMT,500.0,1010-CASH-CLEARING
G000761,2026-02-14,11265-PMT,2000.0,1010-CASH-CLEARING
G000762,2026-02-14,10988-PMT,4442.56,1010-CASH-CLEARING
G000763,2026-02-14,10104-PMT,3592.72,1010-CASH-CLEARING
G000764,2026-02-14,10934-PMT,4450.23,1010-CASH-CLEARING
G000765,2026-02-14,10657-PMT,2680.37,1010-CASH-CLEARING
G000766,2026-02-14,11275-PMT,1005.41,1010-CASH-CLEARING
G000767,2026-02-14,10815-PMT,6320.35,1010-CASH-CLEARING
G000768,2026-02-15,11231-PMT,2592.02,1010-CASH-CLEARING
G000769,2026-02-15,11176-PMT,870.09,1010-CASH-CLEARING
G000770,2026-02-15,10858-PMT,3634.34,1010-CASH-CLEARING
G000771,2026-02-15,11137-PMT,1895.94,1010-CASH-CLEARING
G000772,2026-02-15,11190-PMT,4271.29,1010-CASH-CLEARING
G000773,2026-02-15,10008-PMT,2000.0,1010-CASH-CLEARING
G000774,2026-02-15,10991-PMT,9410.43,1010-CASH-CLEARING
G000775,2026-02-15,10265-PMT,765.78,1010-CASH-CLEARING
G000776,2026-02-15,10100-PMT,4788.34,1010-CASH-CLEARING
G000777,2026-02-15,11375-PMT,5402.25,1010-CASH-CLEARING
G000778,2026-02-15,10429-PMT,1368.33,1010-CASH-CLEARING
G000779,2026-02-15,10287-PMT,9369.01,1010-CASH-CLEARING
G000780,2026-02-15,10871-PMT,1215.48,1010-CASH-CLEARING
G000781,2026-02-15,10071-PMT,5000.0,1010-CASH-CLEARING
G000782,2026-02-15,10744-PMT,910.18,1010-CASH-CLEARING
G000783,2026-02-15,10892-PMT,803.38,1010-CASH-CLEARING
G000784,2026-02-15,11032-PMT,2874.56,1010-CASH-CLEARING
G000785,2026-02-15,10758-PMT,19315.61,1010-CASH-CLEARING
G000786,2026-02-15,10981-PMT,5745.26,1010-CASH-CLEARING
G000787,2026-02-16,10951-PMT,2441.13,1010-CASH-CLEARING
G000788,2026-02-16,10422-PMT,3290.79,1010-CASH-CLEARING
G000789,2026-02-16,11273-PMT,17956.48,1010-CASH-CLEARING
G000790,2026-02-16,11355-PMT,2028.32,1010-CASH-CLEARING
G000791,2026-02-16,11328-PMT,412.71,1010-CASH-CLEARING
G000792,2026-02-16,10526-PMT,758.03,1010-CASH-CLEARING
G000793,2026-02-16,10560-PMT,13206.71,1010-CASH-CLEARING
G000794,2026-02-16,11105-PMT,3305.56,1010-CASH-CLEARING
G000795,2026-02-16,10341-PMT,4503.57,1010-CASH-CLEARING
G000796,2026-02-16,10156-PMT,1430.81,1010-CASH-CLEARING
G000797,2026-02-16,11160-PMT,3505.92,1010-CASH-CLEARING
G000798,2026-02-16,11042-PMT,750.0,1010-CASH-CLEARING
G000799,2026-02-16,10646-PMT,13238.67,1010-CASH-CLEARING
G000800,2026-02-16,10564-PMT,4326.2,1010-CASH-CLEARING
G000801,2026-02-16,11428-PMT,20227.25,1010-CASH-CLEARING
G000802,2026-02-16,10638-PMT,15315.02,1010-CASH-CLEARING
G000803,2026-02-16,10270-PMT,2263.82,1010-CASH-CLEARING
G000804,2026-02-16,10592-PMT,2622.9,1010-CASH-CLEARING
G000805,2026-02-16,11006-PMT,8031.07,1010-CASH-CLEARING
G000806,2026-02-17,10707-PMT,3891.12,1010-CASH-CLEARING
G000807,2026-02-17,11315-PMT,5000.0,1010-CASH-CLEARING
G000808,2026-02-17,10876-PMT,3232.65,1010-CASH-CLEARING
G000809,2026-02-17,11055-PMT,12836.52,1010-CASH-CLEARING
G000810,2026-02-17,10021-PMT,9341.12,1010-CASH-CLEARING
G000811,2026-02-17,10511-PMT,4516.56,1010-CASH-CLEARING
G000812,2026-02-17,10111-PMT,3203.86,1010-CASH-CLEARING
G000813,2026-02-17,10710-PMT,2213.26,1010-CASH-CLEARING
G000814,2026-02-17,10474-PMT,1408.96,1010-CASH-CLEARING
G000815,2026-02-17,11118-PMT,1159.68,1010-CASH-CLEARING
G000816,2026-02-17,10693-PMT,10579.51,1010-CASH-CLEARING
G000817,2026-02-17,11374-PMT,4744.15,1010-CASH-CLEARING
G000818,2026-02-17,11053-PMT,26238.07,1010-CASH-CLEARING
G000819,2026-02-17,10488-PMT,7331.55,1010-CASH-CLEARING
G000820,2026-02-17,10806-PMT,2283.69,1010-CASH-CLEARING
G000821,2026-02-17,10985-PMT,500.01,1010-CASH-CLEARING
G000822,2026-02-17,10781-PMT,1249.34,1010-CASH-CLEARING
G000823,2026-02-17,10076-PMT,1196.05,1010-CASH-CLEARING
G000824,2026-02-17,10009-PMT,2695.18,1010-CASH-CLEARING
G000825,2026-02-17,10413-PMT,2310.59,1010-CASH-CLEARING
G000826,2026-02-18,10348-PMT,1500.0,1010-CASH-CLEARING
G000827,2026-02-18,11297-PMT,1500.0,1010-CASH-CLEARING
G000828,2026-02-18,10073-PMT,8055.89,1010-CASH-CLEARING
G000829,2026-02-18,10431-PMT,1762.48,1010-CASH-CLEARING
G000830,2026-02-18,10881-PMT,3653.7,1010-CASH-CLEARING
G000831,2026-02-18,10354-PMT,5651.57,1010-CASH-CLEARING
G000832,2026-02-18,10563-PMT,4771.13,1010-CASH-CLEARING
G000833,2026-02-18,10997-PMT,2059.32,1010-CASH-CLEARING
G000834,2026-02-18,10852-PMT,2055.62,1010-CASH-CLEARING
G000835,2026-02-18,11108-PMT,3600.51,1010-CASH-CLEARING
G000836,2026-02-18,10502-PMT,4446.32,1010-CASH-CLEARING
G000837,2026-02-18,10712-PMT,1000.0,1010-CASH-CLEARING
G000838,2026-02-18,11027-PMT,6144.27,1010-CASH-CLEARING
G000839,2026-02-18,10869-PMT,2243.5,1010-CASH-CLEARING
G000840,2026-02-19,10086-PMT,1000.0,1010-CASH-CLEARING
G000841,2026-02-19,11409-PMT,1000.0,1010-CASH-CLEARING
G000842,2026-02-19,10890-PMT,2665.8,1010-CASH-CLEARING
G000843,2026-02-19,11056-PMT,2535.31,1010-CASH-CLEARING
G000844,2026-02-19,10793-PMT,1263.64,1010-CASH-CLEARING
G000845,2026-02-19,11112-PMT,27120.68,1010-CASH-CLEARING
G000846,2026-02-19,11067-PMT,1500.0,1010-CASH-CLEARING
G000847,2026-02-19,10153-PMT,146.63,1010-CASH-CLEARING
G000848,2026-02-19,10392-PMT,36479.02,1010-CASH-CLEARING
G000849,2026-02-19,10864-PMT,1962.65,1010-CASH-CLEARING
G000850,2026-02-19,10277-PMT,11290.31,1010-CASH-CLEARING
G000851,2026-02-20,10081-PMT,1713.31,1010-CASH-CLEARING
G000852,2026-02-20,11073-PMT,5504.35,1010-CASH-CLEARING
G000853,2026-02-20,11224-PMT,3843.64,1010-CASH-CLEARING
G000854,2026-02-20,10271-PMT,7838.85,1010-CASH-CLEARING
G000855,2026-02-20,10813-PMT,228.92,1010-CASH-CLEARING
G000856,2026-02-20,10930-PMT,1159.5,1010-CASH-CLEARING
G000857,2026-02-20,10720-PMT,12933.79,1010-CASH-CLEARING
G000858,2026-02-20,10246-PMT,617.3,1010-CASH-CLEARING
G000859,2026-02-20,11377-PMT,5012.82,1010-CASH-CLEARING
G000860,2026-02-20,10315-PMT,4907.51,1010-CASH-CLEARING
G000861,2026-02-20,10229-PMT,1559.28,1010-CASH-CLEARING
G000862,2026-02-20,10001-PMT,2534.16,1010-CASH-CLEARING
G000863,2026-02-20,10875-PMT,5276.03,1010-CASH-CLEARING
G000864,2026-02-20,11475-PMT,1665.79,1010-CASH-CLEARING
G000865,2026-02-20,10544-PMT,5619.59,1010-CASH-CLEARING
G000866,2026-02-20,11112-PMT,27120.68,1010-CASH-CLEARING
G000867,2026-02-20,10361-PMT,7642.46,1010-CASH-CLEARING
G000868,2026-02-21,10716-PMT,5693.6,1010-CASH-CLEARING
G000869,2026-02-21,11142-PMT,2964.73,1010-CASH-CLEARING
G000870,2026-02-21,10630-PMT,1971.25,1010-CASH-CLEARING
G000871,2026-02-21,10522-PMT,963.7,1010-CASH-CLEARING
G000872,2026-02-21,11104-PMT,767.02,1010-CASH-CLEARING
G000873,2026-02-21,10760-PMT,2577.34,1010-CASH-CLEARING
G000874,2026-02-21,11091-PMT,6828.23,1010-CASH-CLEARING
G000875,2026-02-21,10708-PMT,661.17,1010-CASH-CLEARING
G000876,2026-02-21,10088-PMT,5165.84,1010-CASH-CLEARING
G000877,2026-02-21,11444-PMT,1614.43,1010-CASH-CLEARING
G000878,2026-02-21,11311-PMT,4244.35,1010-CASH-CLEARING
G000879,2026-02-21,10267-PMT,3586.18,1010-CASH-CLEARING
G000880,2026-02-21,10842-PMT,1823.96,1010-CASH-CLEARING
G000881,2026-02-21,10339-PMT,840.8,1010-CASH-CLEARING
G000882,2026-02-21,10799-PMT,1683.63,1010-CASH-CLEARING
G000883,2026-02-21,11424-PMT,4765.69,1010-CASH-CLEARING
G000884,2026-02-21,10643-PMT,593.96,1010-CASH-CLEARING
G000885,2026-02-21,10098-PMT,2650.33,1010-CASH-CLEARING
G000886,2026-02-21,10273-PMT,6269.49,1010-CASH-CLEARING
G000887,2026-02-21,10995-PMT,4003.59,1010-CASH-CLEARING
G000888,2026-02-21,10676-PMT,6000.61,1010-CASH-CLEARING
G000889,2026-02-21,10103-PMT,2000.0,1010-CASH-CLEARING
G000890,2026-02-21,10648-PMT,2786.63,1010-CASH-CLEARING
G000891,2026-02-22,10159-PMT,3658.0,1010-CASH-CLEARING
G000892,2026-02-22,11382-PMT,394.68,1010-CASH-CLEARING
G000893,2026-02-22,10557-PMT,4445.88,1010-CASH-CLEARING
G000894,2026-02-22,10407-PMT,3753.49,1010-CASH-CLEARING
G000895,2026-02-22,10016-PMT,2072.26,1010-CASH-CLEARING
G000896,2026-02-22,11013-PMT,957.75,1010-CASH-CLEARING
G000897,2026-02-22,11274-PMT,747.97,1010-CASH-CLEARING
G000898,2026-02-22,11306-PMT,3099.07,1010-CASH-CLEARING
G000899,2026-02-22,10506-PMT,7052.65,1010-CASH-CLEARING
G000900,2026-02-22,10635-PMT,4332.2,1010-CASH-CLEARING
G000901,2026-02-22,10278-PMT,1016.12,1010-CASH-CLEARING
G000902,2026-02-22,11194-PMT,17059.31,1010-CASH-CLEARING
G000903,2026-02-22,11480-PMT,12095.17,1010-CASH-CLEARING
G000904,2026-02-22,11316-PMT,1942.62,1010-CASH-CLEARING
G000905,2026-02-22,10141-PMT,5806.77,1010-CASH-CLEARING
G000906,2026-02-22,10168-PMT,2127.73,1010-CASH-CLEARING
G000907,2026-02-22,10260-PMT,750.0,1010-CASH-CLEARING
G000908,2026-02-22,10536-PMT,5000.0,1010-CASH-CLEARING
G000909,2026-02-22,10400-PMT,206.03,1010-CASH-CLEARING
G000910,2026-02-22,10170-PMT,8046.3,1010-CASH-CLEARING
G000911,2026-02-22,10917-PMT,2663.78,1010-CASH-CLEARING
G000912,2026-02-22,11296-PMT,855.2,1010-CASH-CLEARING
G000913,2026-02-22,10700-PMT,18239.05,1010-CASH-CLEARING
G000914,2026-02-23,11449-PMT,1613.96,1010-CASH-CLEARING
G000915,2026-02-23,11434-PMT,4092.0,1010-CASH-CLEARING
G000916,2026-02-23,10877-PMT,681.07,1010-CASH-CLEARING
G000917,2026-02-23,11177-PMT,4206.39,1010-CASH-CLEARING
G000918,2026-02-23,11123-PMT,1484.04,1010-CASH-CLEARING
G000919,2026-02-23,11180-PMT,2053.56,1010-CASH-CLEARING
G000920,2026-02-23,10343-PMT,3385.76,1010-CASH-CLEARING
G000921,2026-02-23,10652-PMT,4619.95,1010-CASH-CLEARING
G000922,2026-02-23,11143-PMT,1837.65,1010-CASH-CLEARING
G000923,2026-02-23,10118-PMT,8775.01,1010-CASH-CLEARING
G000924,2026-02-23,11002-PMT,7846.36,1010-CASH-CLEARING
G000925,2026-02-23,10754-PMT,1544.41,1010-CASH-CLEARING
G000926,2026-02-23,10611-PMT,17739.03,1010-CASH-CLEARING
G000927,2026-02-23,10472-PMT,10223.19,1010-CASH-CLEARING
G000928,2026-02-23,11272-PMT,4875.33,1010-CASH-CLEARING
G000929,2026-02-23,11228-PMT,10920.22,1010-CASH-CLEARING
G000930,2026-02-23,11237-PMT,15509.81,1010-CASH-CLEARING
G000931,2026-02-23,10666-PMT,7654.16,1010-CASH-CLEARING
G000932,2026-02-23,11217-PMT,2121.93,1010-CASH-CLEARING
G000933,2026-02-23,10446-PMT,3045.18,1010-CASH-CLEARING
G000934,2026-02-23,10870-PMT,4182.51,1010-CASH-CLEARING
G000935,2026-02-23,10726-PMT,3613.81,1010-CASH-CLEARING
G000936,2026-02-23,10534-PMT,5803.09,1010-CASH-CLEARING
G000937,2026-02-23,11392-PMT,2682.49,1010-CASH-CLEARING
G000938,2026-02-24,10829-PMT,2203.67,1010-CASH-CLEARING
G000939,2026-02-24,10476-PMT,2000.0,1010-CASH-CLEARING
G000940,2026-02-24,10161-PMT,1224.24,1010-CASH-CLEARING
G000941,2026-02-24,10845-PMT,2261.63,1010-CASH-CLEARING
G000942,2026-02-24,10253-PMT,3304.12,1010-CASH-CLEARING
G000943,2026-02-24,11007-PMT,1581.38,1010-CASH-CLEARING
G000944,2026-02-24,10999-PMT,19420.11,1010-CASH-CLEARING
G000945,2026-02-24,10581-PMT,6814.69,1010-CASH-CLEARING
G000946,2026-02-24,10605-PMT,1385.29,1010-CASH-CLEARING
G000947,2026-02-24,10863-PMT,3629.46,1010-CASH-CLEARING
G000948,2026-02-24,10566-PMT,5000.0,1010-CASH-CLEARING
G000949,2026-02-24,10825-PMT,500.0,1010-CASH-CLEARING
G000950,2026-02-24,10155-PMT,3525.18,1010-CASH-CLEARING
G000951,2026-02-24,10711-PMT,3316.38,1010-CASH-CLEARING
G000952,2026-02-24,11383-PMT,1400.98,1010-CASH-CLEARING
G000953,2026-02-24,11127-PMT,3224.59,1010-CASH-CLEARING
G000954,2026-02-24,10288-PMT,12177.35,1010-CASH-CLEARING
G000955,2026-02-24,11389-PMT,1963.74,1010-CASH-CLEARING
G000956,2026-02-24,10777-PMT,2867.75,1010-CASH-CLEARING
G000957,2026-02-24,10099-PMT,763.64,1010-CASH-CLEARING
G000958,2026-02-24,11087-PMT,3884.22,1010-CASH-CLEARING
G000959,2026-02-25,11229-PMT,640.9,1010-CASH-CLEARING
G000960,2026-02-25,11195-PMT,2069.95,1010-CASH-CLEARING
G000961,2026-02-25,10454-PMT,5459.46,1010-CASH-CLEARING
G000962,2026-02-25,11164-PMT,1301.36,1010-CASH-CLEARING
G000963,2026-02-25,11150-PMT,4574.42,1010-CASH-CLEARING
G000964,2026-02-25,10306-PMT,410.86,1010-CASH-CLEARING
G000965,2026-02-25,10812-PMT,2899.1,1010-CASH-CLEARING
G000966,2026-02-25,10586-PMT,4442.53,1010-CASH-CLEARING
G000967,2026-02-25,10942-PMT,1876.21,1010-CASH-CLEARING
G000968,2026-02-25,10952-PMT,3986.23,1010-CASH-CLEARING
G000969,2026-02-25,10590-PMT,1766.29,1010-CASH-CLEARING
G000970,2026-02-25,10155-PMT,3525.18,1010-CASH-CLEARING
G000971,2026-02-25,10865-PMT,4562.93,1010-CASH-CLEARING
G000972,2026-02-26,10054-PMT,549.04,1010-CASH-CLEARING
G000973,2026-02-26,10690-PMT,10203.7,1010-CASH-CLEARING
G000974,2026-02-26,11332-PMT,1474.61,1010-CASH-CLEARING
G000975,2026-02-26,11087-PMT,3884.22,1010-CASH-CLEARING
G000976,2026-02-26,11279-PMT,7508.5,1010-CASH-CLEARING
G000977,2026-02-26,11293-PMT,1169.62,1010-CASH-CLEARING
G000978,2026-02-26,11499-PMT,1000.0,1010-CASH-CLEARING
G000979,2026-02-26,10882-PMT,3508.48,1010-CASH-CLEARING
G000980,2026-02-26,11057-PMT,1011.36,1010-CASH-CLEARING
G000981,2026-02-26,10545-PMT,4636.34,1010-CASH-CLEARING
G000982,2026-02-26,10491-PMT,1305.22,1010-CASH-CLEARING
G000983,2026-02-26,10639-PMT,2277.61,1010-CASH-CLEARING
G000984,2026-02-26,11325-PMT,13364.46,1010-CASH-CLEARING
G000985,2026-02-26,10804-PMT,2887.42,1010-CASH-CLEARING
G000986,2026-02-26,10356-PMT,7740.63,1010-CASH-CLEARING
G000987,2026-02-26,11488-PMT,1500.0,1010-CASH-CLEARING
G000988,2026-02-26,11294-PMT,990.81,1010-CASH-CLEARING
G000989,2026-02-26,10834-PMT,1384.29,1010-CASH-CLEARING
G000990,2026-02-26,10244-PMT,436.22,1010-CASH-CLEARING
G000991,2026-02-27,11439-PMT,4496.61,1010-CASH-CLEARING
G000992,2026-02-27,11359-PMT,8648.29,1010-CASH-CLEARING
G000993,2026-02-27,10204-PMT,3195.99,1010-CASH-CLEARING
G000994,2026-02-27,10222-PMT,644.35,1010-CASH-CLEARING
G000995,2026-02-27,10904-PMT,3078.16,1010-CASH-CLEARING
G000996,2026-02-27,10360-PMT,719.39,1010-CASH-CLEARING
G000997,2026-02-27,10069-PMT,1110.23,1010-CASH-CLEARING
G000998,2026-02-27,10438-PMT,744.03,1010-CASH-CLEARING
G000999,2026-02-27,10145-PMT,1369.9,1010-CASH-CLEARING
G001000,2026-02-27,11047-PMT,5798.21,1010-CASH-CLEARING
G001001,2026-02-27,10318-PMT,5240.76,1010-CASH-CLEARING
G001002,2026-02-27,10538-PMT,3940.49,1010-CASH-CLEARING
G001003,2026-02-27,10562-PMT,1000.0,1010-CASH-CLEARING
G001004,2026-02-27,10831-PMT,2052.56,1010-CASH-CLEARING
G001005,2026-02-27,10212-PMT,3840.68,1010-CASH-CLEARING
G001006,2026-02-27,10798-PMT,2507.57,1010-CASH-CLEARING
G001007,2026-02-28,10347-PMT,12104.8,1010-CASH-CLEARING
G001008,2026-02-28,10763-PMT,7627.84,1010-CASH-CLEARING
G001009,2026-02-28,10449-PMT,4868.13,1010-CASH-CLEARING
G001010,2026-02-28,11430-PMT,850.88,1010-CASH-CLEARING
G001011,2026-02-28,10135-PMT,6383.63,1010-CASH-CLEARING
G001012,2026-02-28,11491-PMT,1838.05,1010-CASH-CLEARING
G001013,2026-02-28,11467-PMT,8611.79,1010-CASH-CLEARING
G001014,2026-02-28,11205-PMT,750.0,1010-CASH-CLEARING
G001015,2026-02-28,11301-PMT,2383.51,1010-CASH-CLEARING
G001016,2026-02-28,10342-PMT,3487.01,1010-CASH-CLEARING
G001017,2026-02-28,10527-PMT,3507.76,1010-CASH-CLEARING
G001018,2026-02-28,10333-PMT,7164.91,1010-CASH-CLEARING
G001019,2026-02-28,10941-PMT,1320.59,1010-CASH-CLEARING
G001020,2026-02-28,10107-PMT,23795.51,1010-CASH-CLEARING
G001021,2026-02-28,10785-PMT,396.73,1010-CASH-CLEARING
G001022,2026-02-28,10189-PMT,3596.96,1010-CASH-CLEARING
G001023,2026-02-28,10677-PMT,4790.54,1010-CASH-CLEARING
G001024,2026-02-28,10175-PMT,1626.73,1010-CASH-CLEARING
G001025,2026-02-28,11117-PMT,27423.7,1010-CASH-CLEARING
G001026,2026-02-28,11165-PMT,2500.0,1010-CASH-CLEARING
G001027,2026-02-28,10792-PMT,10061.79,1010-CASH-CLEARING
G001028,2026-02-28,10660-PMT,4151.93,1010-CASH-CLEARING
G001029,2026-02-28,10108-PMT,2911.56,1010-CASH-CLEARING
G001030,2026-02-28,11010-PMT,4110.23,1010-CASH-CLEARING
G001031,2026-03-01,11116-PMT,1281.01,1010-CASH-CLEARING
G001032,2026-03-01,10755-PMT,9275.98,1010-CASH-CLEARING
G001033,2026-03-01,11158-PMT,500.0,1010-CASH-CLEARING
G001034,2026-03-01,10459-PMT,2548.63,1010-CASH-CLEARING
G001035,2026-03-01,11068-PMT,231.7,1010-CASH-CLEARING
G001036,2026-03-01,10448-PMT,3483.08,1010-CASH-CLEARING
G001037,2026-03-01,10286-PMT,5243.64,1010-CASH-CLEARING
G001038,2026-03-01,10970-PMT,4553.79,1010-CASH-CLEARING
G001039,2026-03-01,10591-PMT,2549.8,1010-CASH-CLEARING
G001040,2026-03-01,10139-PMT,2878.59,1010-CASH-CLEARING
G001041,2026-03-01,11337-PMT,2417.13,1010-CASH-CLEARING
G001042,2026-03-01,10908-PMT,1913.33,1010-CASH-CLEARING
G001043,2026-03-01,11464-PMT,3313.07,1010-CASH-CLEARING
G001044,2026-03-02,10987-PMT,3418.15,1010-CASH-CLEARING
G001045,2026-03-02,10410-PMT,25954.7,1010-CASH-CLEARING
G001046,2026-03-02,10303-PMT,1241.66,1010-CASH-CLEARING
G001047,2026-03-02,10033-PMT,11645.51,1010-CASH-CLEARING
G001048,2026-03-02,11239-PMT,1500.0,1010-CASH-CLEARING
G001049,2026-03-02,10862-PMT,1772.55,1010-CASH-CLEARING
G001050,2026-03-02,10932-PMT,13255.57,1010-CASH-CLEARING
G001051,2026-03-02,10412-PMT,3378.72,1010-CASH-CLEARING
G001052,2026-03-02,10335-PMT,1646.43,1010-CASH-CLEARING
G001053,2026-03-02,11130-PMT,750.0,1010-CASH-CLEARING
G001054,2026-03-02,10922-PMT,8087.56,1010-CASH-CLEARING
G001055,2026-03-02,10245-PMT,1738.26,1010-CASH-CLEARING
G001056,2026-03-02,10762-PMT,2000.0,1010-CASH-CLEARING
G001057,2026-03-02,10101-PMT,25350.07,1010-CASH-CLEARING
G001058,2026-03-02,11090-PMT,1219.72,1010-CASH-CLEARING
G001059,2026-03-02,10435-PMT,2749.35,1010-CASH-CLEARING
G001060,2026-03-02,11179-PMT,242.39,1010-CASH-CLEARING
G001061,2026-03-02,11395-PMT,1124.58,1010-CASH-CLEARING
G001062,2026-03-02,11041-PMT,288.69,1010-CASH-CLEARING
G001063,2026-03-03,10874-PMT,2541.87,1010-CASH-CLEARING
G001064,2026-03-03,11131-PMT,3990.77,1010-CASH-CLEARING
G001065,2026-03-03,11092-PMT,2130.58,1010-CASH-CLEARING
G001066,2026-03-03,10120-PMT,4228.34,1010-CASH-CLEARING
G001067,2026-03-03,11254-PMT,2387.29,1010-CASH-CLEARING
G001068,2026-03-03,11349-PMT,4994.07,1010-CASH-CLEARING
G001069,2026-03-03,10240-PMT,1937.03,1010-CASH-CLEARING
G001070,2026-03-03,10034-PMT,1757.44,1010-CASH-CLEARING
G001071,2026-03-03,11283-PMT,7610.6,1010-CASH-CLEARING
G001072,2026-03-03,11139-PMT,10864.06,1010-CASH-CLEARING
G001073,2026-03-03,11075-PMT,2000.0,1010-CASH-CLEARING
G001074,2026-03-03,10530-PMT,17102.7,1010-CASH-CLEARING
G001075,2026-03-03,10193-PMT,6228.67,1010-CASH-CLEARING
G001076,2026-03-03,11097-PMT,3108.21,1010-CASH-CLEARING
G001077,2026-03-03,11086-PMT,5159.17,1010-CASH-CLEARING
G001078,2026-03-03,10120-PMT,4228.34,1010-CASH-CLEARING
G001079,2026-03-03,10290-PMT,1776.39,1010-CASH-CLEARING
G001080,2026-03-03,10416-PMT,1557.31,1010-CASH-CLEARING
G001081,2026-03-03,10492-PMT,7773.13,1010-CASH-CLEARING
G001082,2026-03-04,11206-PMT,2706.86,1010-CASH-CLEARING
G001083,2026-03-04,10962-PMT,2946.93,1010-CASH-CLEARING
G001084,2026-03-04,11034-PMT,1551.27,1010-CASH-CLEARING
G001085,2026-03-04,10331-PMT,1124.08,1010-CASH-CLEARING
G001086,2026-03-04,10928-PMT,1865.21,1010-CASH-CLEARING
G001087,2026-03-04,10549-PMT,5942.54,1010-CASH-CLEARING
G001088,2026-03-04,10187-PMT,21105.84,1010-CASH-CLEARING
G001089,2026-03-04,10485-PMT,2978.42,1010-CASH-CLEARING
G001090,2026-03-04,10500-PMT,12204.56,1010-CASH-CLEARING
G001091,2026-03-04,10119-PMT,1464.88,1010-CASH-CLEARING
G001092,2026-03-04,10947-PMT,3966.53,1010-CASH-CLEARING
G001093,2026-03-05,11466-PMT,4559.4,1010-CASH-CLEARING
G001094,2026-03-05,10219-PMT,2273.76,1010-CASH-CLEARING
G001095,2026-03-05,11062-PMT,2746.71,1010-CASH-CLEARING
G001096,2026-03-05,10780-PMT,3290.29,1010-CASH-CLEARING
G001097,2026-03-05,11089-PMT,2215.77,1010-CASH-CLEARING
G001098,2026-03-05,11014-PMT,8831.88,1010-CASH-CLEARING
G001099,2026-03-05,10050-PMT,909.59,1010-CASH-CLEARING
G001100,2026-03-05,11189-PMT,2401.18,1010-CASH-CLEARING
G001101,2026-03-05,10729-PMT,3463.33,1010-CASH-CLEARING
G001102,2026-03-05,10854-PMT,2183.95,1010-CASH-CLEARING
G001103,2026-03-05,11077-PMT,1666.96,1010-CASH-CLEARING
G001104,2026-03-05,11398-PMT,12701.9,1010-CASH-CLEARING
G001105,2026-03-05,10661-PMT,8839.61,1010-CASH-CLEARING
G001106,2026-03-05,10037-PMT,500.0,1010-CASH-CLEARING
G001107,2026-03-05,11287-PMT,3242.56,1010-CASH-CLEARING
G001108,2026-03-05,10498-PMT,1860.24,1010-CASH-CLEARING
G001109,2026-03-05,11381-PMT,1164.93,1010-CASH-CLEARING
G001110,2026-03-05,11264-PMT,2702.69,1010-CASH-CLEARING
G001111,2026-03-05,11030-PMT,528.22,1010-CASH-CLEARING
G001112,2026-03-06,10848-PMT,2607.71,1010-CASH-CLEARING
G001113,2026-03-06,10533-PMT,14856.21,1010-CASH-CLEARING
G001114,2026-03-06,11431-PMT,2000.0,1010-CASH-CLEARING
G001115,2026-03-06,11133-PMT,3120.42,1010-CASH-CLEARING
G001116,2026-03-06,11307-PMT,2929.65,1010-CASH-CLEARING
G001117,2026-03-06,10055-PMT,3588.65,1010-CASH-CLEARING
G001118,2026-03-06,10824-PMT,4094.35,1010-CASH-CLEARING
G001119,2026-03-06,10030-PMT,5278.38,1010-CASH-CLEARING
G001120,2026-03-06,11196-PMT,3868.05,1010-CASH-CLEARING
G001121,2026-03-06,10624-PMT,14732.84,1010-CASH-CLEARING
G001122,2026-03-06,11335-PMT,2332.12,1010-CASH-CLEARING
G001123,2026-03-06,11221-PMT,1000.0,1010-CASH-CLEARING
G001124,2026-03-06,11268-PMT,5893.34,1010-CASH-CLEARING
G001125,2026-03-06,10176-PMT,14538.29,1010-CASH-CLEARING
G001126,2026-03-06,10899-PMT,3425.66,1010-CASH-CLEARING
G001127,2026-03-06,11186-PMT,1817.78,1010-CASH-CLEARING
G001128,2026-03-06,10257-PMT,750.0,1010-CASH-CLEARING
G001129,2026-03-06,10166-PMT,18682.49,1010-CASH-CLEARING
G001130,2026-03-06,10811-PMT,23805.33,1010-CASH-CLEARING
G001131,2026-03-06,10445-PMT,10193.49,1010-CASH-CLEARING
G001132,2026-03-06,10886-PMT,2000.0,1010-CASH-CLEARING
G001133,2026-03-06,10362-PMT,3826.2,1010-CASH-CLEARING
G001134,2026-03-06,10144-PMT,5859.44,1010-CASH-CLEARING
G001135,2026-03-06,10532-PMT,6884.74,1010-CASH-CLEARING
G001136,2026-03-06,11219-PMT,734.35,1010-CASH-CLEARING
G001137,2026-03-07,10149-PMT,2494.58,1010-CASH-CLEARING
G001138,2026-03-07,10950-PMT,3148.49,1010-CASH-CLEARING
G001139,2026-03-07,11458-PMT,5078.57,1010-CASH-CLEARING
G001140,2026-03-07,11226-PMT,7352.74,1010-CASH-CLEARING
G001141,2026-03-07,10298-PMT,3284.94,1010-CASH-CLEARING
G001142,2026-03-07,10215-PMT,2375.0,1010-CASH-CLEARING
G001143,2026-03-07,10837-PMT,1500.0,1010-CASH-CLEARING
G001144,2026-03-07,11397-PMT,2810.96,1010-CASH-CLEARING
G001145,2026-03-07,10405-PMT,1931.84,1010-CASH-CLEARING
G001146,2026-03-07,11476-PMT,7790.06,1010-CASH-CLEARING
G001147,2026-03-07,11061-PMT,24943.68,1010-CASH-CLEARING
G001148,2026-03-07,10402-PMT,16705.77,1010-CASH-CLEARING
G001149,2026-03-07,10328-PMT,3208.97,1010-CASH-CLEARING
G001150,2026-03-07,10973-PMT,6628.82,1010-CASH-CLEARING
G001151,2026-03-07,10203-PMT,41881.55,1010-CASH-CLEARING
G001152,2026-03-07,10856-PMT,2242.14,1010-CASH-CLEARING
G001153,2026-03-07,10015-PMT,5887.39,1010-CASH-CLEARING
G001154,2026-03-07,10745-PMT,7687.44,1010-CASH-CLEARING
G001155,2026-03-07,11347-PMT,1500.0,1010-CASH-CLEARING
G001156,2026-03-08,10125-PMT,4329.31,1010-CASH-CLEARING
G001157,2026-03-08,10820-PMT,1984.31,1010-CASH-CLEARING
G001158,2026-03-08,10031-PMT,8213.13,1010-CASH-CLEARING
G001159,2026-03-08,11215-PMT,2625.34,1010-CASH-CLEARING
G001160,2026-03-08,11198-PMT,2968.47,1010-CASH-CLEARING
G001161,2026-03-08,10915-PMT,2225.36,1010-CASH-CLEARING
G001162,2026-03-08,10494-PMT,9133.3,1010-CASH-CLEARING
G001163,2026-03-08,11285-PMT,3689.38,1010-CASH-CLEARING
G001164,2026-03-08,10299-PMT,1660.97,1010-CASH-CLEARING
G001165,2026-03-08,10614-PMT,7043.04,1010-CASH-CLEARING
G001166,2026-03-08,10859-PMT,598.99,1010-CASH-CLEARING
G001167,2026-03-08,10121-PMT,4488.82,1010-CASH-CLEARING
G001168,2026-03-08,11336-PMT,13045.53,1010-CASH-CLEARING
G001169,2026-03-08,10178-PMT,2001.24,1010-CASH-CLEARING
G001170,2026-03-08,10186-PMT,1713.12,1010-CASH-CLEARING
G001171,2026-03-08,10517-PMT,12761.34,1010-CASH-CLEARING
G001172,2026-03-08,10753-PMT,2918.28,1010-CASH-CLEARING
G001173,2026-03-08,10849-PMT,1053.19,1010-CASH-CLEARING
G001174,2026-03-08,11044-PMT,7407.74,1010-CASH-CLEARING
G001175,2026-03-08,11282-PMT,3568.73,1010-CASH-CLEARING
G001176,2026-03-09,11098-PMT,2211.88,1010-CASH-CLEARING
G001177,2026-03-09,11373-PMT,1739.51,1010-CASH-CLEARING
G001178,2026-03-09,10996-PMT,5793.21,1010-CASH-CLEARING
G001179,2026-03-09,10025-PMT,3366.66,1010-CASH-CLEARING
G001180,2026-03-09,10960-PMT,1635.03,1010-CASH-CLEARING
G001181,2026-03-09,10674-PMT,4150.28,1010-CASH-CLEARING
G001182,2026-03-09,11081-PMT,4967.68,1010-CASH-CLEARING
G001183,2026-03-09,10916-PMT,750.0,1010-CASH-CLEARING
G001184,2026-03-09,11481-PMT,19512.02,1010-CASH-CLEARING
G001185,2026-03-09,10786-PMT,1062.81,1010-CASH-CLEARING
G001186,2026-03-09,10411-PMT,3890.97,1010-CASH-CLEARING
G001187,2026-03-09,11303-PMT,4855.85,1010-CASH-CLEARING
G001188,2026-03-09,10311-PMT,1124.43,1010-CASH-CLEARING
G001189,2026-03-09,10437-PMT,449.7,1010-CASH-CLEARING
G001190,2026-03-09,11162-PMT,4014.13,1010-CASH-CLEARING
G001191,2026-03-09,11399-PMT,1798.06,1010-CASH-CLEARING
G001192,2026-03-09,10386-PMT,8449.79,1010-CASH-CLEARING
G001193,2026-03-09,11040-PMT,19550.18,1010-CASH-CLEARING
G001194,2026-03-09,10319-PMT,1000.0,1010-CASH-CLEARING
G001195,2026-03-09,11348-PMT,7924.11,1010-CASH-CLEARING
G001196,2026-03-09,11360-PMT,4915.94,1010-CASH-CLEARING
G001197,2026-03-09,11036-PMT,5854.77,1010-CASH-CLEARING
G001198,2026-03-10,10455-PMT,2444.27,1010-CASH-CLEARING
G001199,2026-03-10,10688-PMT,6907.92,1010-CASH-CLEARING
G001200,2026-03-10,10164-PMT,754.58,1010-CASH-CLEARING
G001201,2026-03-10,10074-PMT,1565.2,1010-CASH-CLEARING
G001202,2026-03-10,10040-PMT,7288.61,1010-CASH-CLEARING
G001203,2026-03-10,10206-PMT,2415.8,1010-CASH-CLEARING
G001204,2026-03-10,10832-PMT,984.01,1010-CASH-CLEARING
G001205,2026-03-10,10844-PMT,1000.0,1010-CASH-CLEARING
G001206,2026-03-10,10514-PMT,21588.91,1010-CASH-CLEARING
G001207,2026-03-10,10659-PMT,2500.0,1010-CASH-CLEARING
G001208,2026-03-10,11183-PMT,4017.85,1010-CASH-CLEARING
G001209,2026-03-10,10827-PMT,3931.59,1010-CASH-CLEARING
G001210,2026-03-10,10818-PMT,4252.87,1010-CASH-CLEARING
G001211,2026-03-10,10878-PMT,2405.1,1010-CASH-CLEARING
G001212,2026-03-10,10585-PMT,2340.54,1010-CASH-CLEARING
G001213,2026-03-10,10114-PMT,4368.0,1010-CASH-CLEARING
G001214,2026-03-10,10428-PMT,262.62,1010-CASH-CLEARING
G001215,2026-03-10,10134-PMT,1027.37,1010-CASH-CLEARING
G001216,2026-03-10,10743-PMT,7589.63,1010-CASH-CLEARING
G001217,2026-03-10,10573-PMT,5000.0,1010-CASH-CLEARING
G001218,2026-03-10,10830-PMT,2550.51,1010-CASH-CLEARING
G001219,2026-03-10,11212-PMT,1544.37,1010-CASH-CLEARING
G001220,2026-03-10,10594-PMT,4089.95,1010-CASH-CLEARING
G001221,2026-03-10,10384-PMT,5979.6,1010-CASH-CLEARING
G001222,2026-03-10,11220-PMT,388.0,1010-CASH-CLEARING
G001223,2026-03-10,11422-PMT,840.43,1010-CASH-CLEARING
G001224,2026-03-11,10291-PMT,982.68,1010-CASH-CLEARING
G001225,2026-03-11,10163-PMT,3984.96,1010-CASH-CLEARING
G001226,2026-03-11,10512-PMT,2065.92,1010-CASH-CLEARING
G001227,2026-03-11,10651-PMT,1372.55,1010-CASH-CLEARING
G001228,2026-03-11,10080-PMT,1102.34,1010-CASH-CLEARING
G001229,2026-03-11,10062-PMT,3965.77,1010-CASH-CLEARING
G001230,2026-03-11,11437-PMT,3600.61,1010-CASH-CLEARING
G001231,2026-03-11,10497-PMT,4283.76,1010-CASH-CLEARING
G001232,2026-03-11,10395-PMT,530.16,1010-CASH-CLEARING
G001233,2026-03-11,11447-PMT,4094.21,1010-CASH-CLEARING
G001234,2026-03-11,10137-PMT,4501.91,1010-CASH-CLEARING
G001235,2026-03-11,10440-PMT,6760.38,1010-CASH-CLEARING
G001236,2026-03-11,10230-PMT,927.58,1010-CASH-CLEARING
G001237,2026-03-11,10092-PMT,590.35,1010-CASH-CLEARING
G001238,2026-03-11,10610-PMT,6171.21,1010-CASH-CLEARING
G001239,2026-03-11,11038-PMT,2500.0,1010-CASH-CLEARING
G001240,2026-03-11,10984-PMT,4264.55,1010-CASH-CLEARING
G001241,2026-03-11,10235-PMT,511.3,1010-CASH-CLEARING
G001242,2026-03-11,10828-PMT,490.26,1010-CASH-CLEARING
G001243,2026-03-11,10259-PMT,1106.44,1010-CASH-CLEARING
G001244,2026-03-11,10105-PMT,2238.77,1010-CASH-CLEARING
G001245,2026-03-12,11216-PMT,2500.0,1010-CASH-CLEARING
G001246,2026-03-12,10085-PMT,1203.51,1010-CASH-CLEARING
G001247,2026-03-12,11008-PMT,567.99,1010-CASH-CLEARING
G001248,2026-03-12,10920-PMT,915.33,1010-CASH-CLEARING
G001249,2026-03-12,10324-PMT,3459.09,1010-CASH-CLEARING
G001250,2026-03-12,11487-PMT,8869.09,1010-CASH-CLEARING
G001251,2026-03-12,10480-PMT,15841.22,1010-CASH-CLEARING
G001252,2026-03-12,10276-PMT,744.73,1010-CASH-CLEARING
G001253,2026-03-12,10703-PMT,2075.15,1010-CASH-CLEARING
G001254,2026-03-12,10645-PMT,1500.0,1010-CASH-CLEARING
G001255,2026-03-12,11078-PMT,4449.27,1010-CASH-CLEARING
G001256,2026-03-12,11235-PMT,1397.08,1010-CASH-CLEARING
G001257,2026-03-12,10770-PMT,5048.42,1010-CASH-CLEARING
G001258,2026-03-12,10626-PMT,750.0,1010-CASH-CLEARING
G001259,2026-03-12,10851-PMT,7612.68,1010-CASH-CLEARING
G001260,2026-03-12,10082-PMT,12036.74,1010-CASH-CLEARING
G001261,2026-03-12,10338-PMT,28897.87,1010-CASH-CLEARING
G001262,2026-03-12,10200-PMT,1349.41,1010-CASH-CLEARING
G001263,2026-03-12,11493-PMT,1500.0,1010-CASH-CLEARING
G001264,2026-03-12,10694-PMT,1000.0,1010-CASH-CLEARING
G001265,2026-03-12,11460-PMT,5273.96,1010-CASH-CLEARING
G001266,2026-03-12,10044-PMT,5818.65,1010-CASH-CLEARING
G001267,2026-03-12,10866-PMT,2144.79,1010-CASH-CLEARING
G001268,2026-03-13,11248-PMT,1922.23,1010-CASH-CLEARING
G001269,2026-03-13,11141-PMT,4805.41,1010-CASH-CLEARING
G001270,2026-03-13,10292-PMT,1059.66,1010-CASH-CLEARING
G001271,2026-03-13,10173-PMT,1972.14,1010-CASH-CLEARING
G001272,2026-03-13,10336-PMT,851.42,1010-CASH-CLEARING
G001273,2026-03-13,10680-PMT,1997.22,1010-CASH-CLEARING
G001274,2026-03-13,10462-PMT,1773.05,1010-CASH-CLEARING
G001275,2026-03-13,10929-PMT,9217.53,1010-CASH-CLEARING
G001276,2026-03-13,10898-PMT,5255.23,1010-CASH-CLEARING
G001277,2026-03-13,10615-PMT,5773.09,1010-CASH-CLEARING
G001278,2026-03-13,10604-PMT,668.11,1010-CASH-CLEARING
G001279,2026-03-13,11357-PMT,7623.58,1010-CASH-CLEARING
G001280,2026-03-14,10217-PMT,16300.14,1010-CASH-CLEARING
G001281,2026-03-14,10057-PMT,5571.54,1010-CASH-CLEARING
G001282,2026-03-14,10632-PMT,3005.16,1010-CASH-CLEARING
G001283,2026-03-14,11321-PMT,1589.32,1010-CASH-CLEARING
G001284,2026-03-14,11046-PMT,2792.75,1010-CASH-CLEARING
G001285,2026-03-14,10665-PMT,2327.74,1010-CASH-CLEARING
G001286,2026-03-14,10132-PMT,1129.11,1010-CASH-CLEARING
G001287,2026-03-14,10237-PMT,750.0,1010-CASH-CLEARING
G001288,2026-03-14,10427-PMT,672.51,1010-CASH-CLEARING
G001289,2026-03-14,10467-PMT,3955.72,1010-CASH-CLEARING
G001290,2026-03-14,11438-PMT,2874.05,1010-CASH-CLEARING
G001291,2026-03-14,11367-PMT,10250.33,1010-CASH-CLEARING
G001292,2026-03-14,10914-PMT,1195.77,1010-CASH-CLEARING
G001293,2026-03-15,10292-PMT,1059.66,1010-CASH-CLEARING
G001294,2026-03-15,11199-PMT,1609.71,1010-CASH-CLEARING
G001295,2026-03-15,10289-PMT,13752.41,1010-CASH-CLEARING
G001296,2026-03-15,10724-PMT,3378.98,1010-CASH-CLEARING
G001297,2026-03-15,11473-PMT,1652.36,1010-CASH-CLEARING
G001298,2026-03-15,10654-PMT,3435.77,1010-CASH-CLEARING
G001299,2026-03-15,10918-PMT,23473.88,1010-CASH-CLEARING
G001300,2026-03-15,11418-PMT,2455.28,1010-CASH-CLEARING
G001301,2026-03-15,10936-PMT,3814.25,1010-CASH-CLEARING
G001302,2026-03-15,10954-PMT,10343.51,1010-CASH-CLEARING
G001303,2026-03-15,11138-PMT,4898.5,1010-CASH-CLEARING
G001304,2026-03-15,10664-PMT,1553.07,1010-CASH-CLEARING
G001305,2026-03-15,11314-PMT,1104.97,1010-CASH-CLEARING
G001306,2026-03-15,11496-PMT,500.0,1010-CASH-CLEARING
G001307,2026-03-15,10077-PMT,1818.28,1010-CASH-CLEARING
G001308,2026-03-16,10769-PMT,2000.0,1010-CASH-CLEARING
G001309,2026-03-16,10816-PMT,5215.96,1010-CASH-CLEARING
G001310,2026-03-16,11103-PMT,2000.0,1010-CASH-CLEARING
G001311,2026-03-16,10963-PMT,4924.09,1010-CASH-CLEARING
G001312,2026-03-16,10409-PMT,6409.86,1010-CASH-CLEARING
G001313,2026-03-16,11109-PMT,40102.58,1010-CASH-CLEARING
G001314,2026-03-16,11278-PMT,3329.9,1010-CASH-CLEARING
G001315,2026-03-16,11330-PMT,2060.57,1010-CASH-CLEARING
G001316,2026-03-16,10070-PMT,3383.38,1010-CASH-CLEARING
G001317,2026-03-16,10158-PMT,2208.29,1010-CASH-CLEARING
G001318,2026-03-16,10489-PMT,1939.79,1010-CASH-CLEARING
G001319,2026-03-16,10640-PMT,2000.0,1010-CASH-CLEARING
G001320,2026-03-16,10434-PMT,4112.9,1010-CASH-CLEARING
G001321,2026-03-16,10531-PMT,18061.86,1010-CASH-CLEARING
G001322,2026-03-16,10167-PMT,13014.78,1010-CASH-CLEARING
G001323,2026-03-16,10182-PMT,6151.15,1010-CASH-CLEARING
G001324,2026-03-16,11236-PMT,2917.58,1010-CASH-CLEARING
G001325,2026-03-17,10925-PMT,2700.95,1010-CASH-CLEARING
G001326,2026-03-17,10817-PMT,15955.48,1010-CASH-CLEARING
G001327,2026-03-17,10774-PMT,6141.11,1010-CASH-CLEARING
G001328,2026-03-17,10065-PMT,4306.39,1010-CASH-CLEARING
G001329,2026-03-17,10621-PMT,774.99,1010-CASH-CLEARING
G001330,2026-03-17,11317-PMT,3055.9,1010-CASH-CLEARING
G001331,2026-03-17,11156-PMT,2000.0,1010-CASH-CLEARING
G001332,2026-03-17,10978-PMT,1466.45,1010-CASH-CLEARING
G001333,2026-03-17,11280-PMT,4331.49,1010-CASH-CLEARING
G001334,2026-03-17,10344-PMT,3941.83,1010-CASH-CLEARING
G001335,2026-03-17,11122-PMT,1560.2,1010-CASH-CLEARING
G001336,2026-03-17,11436-PMT,3277.49,1010-CASH-CLEARING
G001337,2026-03-17,10002-PMT,11409.11,1010-CASH-CLEARING
G001338,2026-03-17,10142-PMT,343.19,1010-CASH-CLEARING
G001339,2026-03-17,10524-PMT,2806.45,1010-CASH-CLEARING
G001340,2026-03-17,10304-PMT,4227.47,1010-CASH-CLEARING
G001341,2026-03-17,10042-PMT,1092.23,1010-CASH-CLEARING
G001342,2026-03-17,10919-PMT,418.44,1010-CASH-CLEARING
G001343,2026-03-18,11450-PMT,4544.3,1010-CASH-CLEARING
G001344,2026-03-18,10007-PMT,780.37,1010-CASH-CLEARING
G001345,2026-03-18,11214-PMT,4819.51,1010-CASH-CLEARING
G001346,2026-03-18,10850-PMT,4413.81,1010-CASH-CLEARING
G001347,2026-03-18,11393-PMT,15030.27,1010-CASH-CLEARING
G001348,2026-03-18,10971-PMT,8683.32,1010-CASH-CLEARING
G001349,2026-03-18,10376-PMT,2939.9,1010-CASH-CLEARING
G001350,2026-03-18,10359-PMT,2500.0,1010-CASH-CLEARING
G001351,2026-03-18,10598-PMT,2910.86,1010-CASH-CLEARING
G001352,2026-03-18,10521-PMT,40226.87,1010-CASH-CLEARING
G001353,2026-03-18,10024-PMT,3507.43,1010-CASH-CLEARING
G001354,2026-03-18,10005-PMT,3544.95,1010-CASH-CLEARING
G001355,2026-03-18,10669-PMT,1799.66,1010-CASH-CLEARING
G001356,2026-03-18,11085-PMT,500.0,1010-CASH-CLEARING
G001357,2026-03-18,10177-PMT,4346.36,1010-CASH-CLEARING
G001358,2026-03-18,11286-PMT,5000.0,1010-CASH-CLEARING
G001359,2026-03-18,10004-PMT,600.07,1010-CASH-CLEARING
G001360,2026-03-19,10464-PMT,6976.33,1010-CASH-CLEARING
G001361,2026-03-19,10123-PMT,1500.0,1010-CASH-CLEARING
G001362,2026-03-19,11185-PMT,9609.06,1010-CASH-CLEARING
G001363,2026-03-19,10441-PMT,5522.4,1010-CASH-CLEARING
G001364,2026-03-19,10079-PMT,4426.83,1010-CASH-CLEARING
G001365,2026-03-19,10337-PMT,2569.33,1010-CASH-CLEARING
G001366,2026-03-19,10312-PMT,6484.21,1010-CASH-CLEARING
G001367,2026-03-19,11102-PMT,2788.29,1010-CASH-CLEARING
G001368,2026-03-19,10629-PMT,1791.8,1010-CASH-CLEARING
G001369,2026-03-19,10518-PMT,6601.28,1010-CASH-CLEARING
G001370,2026-03-19,11251-PMT,2818.66,1010-CASH-CLEARING
G001371,2026-03-19,11149-PMT,10321.13,1010-CASH-CLEARING
G001372,2026-03-19,11249-PMT,8392.39,1010-CASH-CLEARING
G001373,2026-03-19,10374-PMT,12046.92,1010-CASH-CLEARING
G001374,2026-03-19,10148-PMT,5483.06,1010-CASH-CLEARING
G001375,2026-03-19,10748-PMT,2055.79,1010-CASH-CLEARING
G001376,2026-03-19,11429-PMT,1534.54,1010-CASH-CLEARING
G001377,2026-03-19,11178-PMT,4124.36,1010-CASH-CLEARING
G001378,2026-03-19,11230-PMT,2742.15,1010-CASH-CLEARING
G001379,2026-03-20,11129-PMT,3547.62,1010-CASH-CLEARING
G001380,2026-03-20,10165-PMT,1747.93,1010-CASH-CLEARING
G001381,2026-03-20,11454-PMT,3728.06,1010-CASH-CLEARING
G001382,2026-03-20,10911-PMT,780.91,1010-CASH-CLEARING
G001383,2026-03-20,11093-PMT,7108.09,1010-CASH-CLEARING
G001384,2026-03-20,10822-PMT,899.71,1010-CASH-CLEARING
G001385,2026-03-20,11457-PMT,588.86,1010-CASH-CLEARING
G001386,2026-03-20,10627-PMT,500.0,1010-CASH-CLEARING
G001387,2026-03-20,10803-PMT,5561.35,1010-CASH-CLEARING
G001388,2026-03-20,10325-PMT,2817.63,1010-CASH-CLEARING
G001389,2026-03-20,10772-PMT,1548.83,1010-CASH-CLEARING
G001390,2026-03-20,11191-PMT,1454.48,1010-CASH-CLEARING
G001391,2026-03-20,11035-PMT,2663.09,1010-CASH-CLEARING
G001392,2026-03-20,10425-PMT,1059.75,1010-CASH-CLEARING
G001393,2026-03-20,11181-PMT,1664.85,1010-CASH-CLEARING
G001394,2026-03-20,10702-PMT,750.0,1010-CASH-CLEARING
G001395,2026-03-20,10382-PMT,927.19,1010-CASH-CLEARING
G001396,2026-03-20,10617-PMT,6186.29,1010-CASH-CLEARING
G001397,2026-03-20,10389-PMT,6607.87,1010-CASH-CLEARING
G001398,2026-03-21,10096-PMT,1099.43,1010-CASH-CLEARING
G001399,2026-03-21,10130-PMT,642.69,1010-CASH-CLEARING
G001400,2026-03-21,10334-PMT,3531.38,1010-CASH-CLEARING
G001401,2026-03-21,10907-PMT,1000.0,1010-CASH-CLEARING
G001402,2026-03-21,10901-PMT,687.18,1010-CASH-CLEARING
G001403,2026-03-21,10891-PMT,8052.35,1010-CASH-CLEARING
G001404,2026-03-21,10734-PMT,10448.7,1010-CASH-CLEARING
G001405,2026-03-21,10381-PMT,7003.37,1010-CASH-CLEARING
G001406,2026-03-21,11157-PMT,7299.68,1010-CASH-CLEARING
G001407,2026-03-21,11223-PMT,1137.54,1010-CASH-CLEARING
G001408,2026-03-21,11134-PMT,2500.0,1010-CASH-CLEARING
G001409,2026-03-21,10023-PMT,7782.02,1010-CASH-CLEARING
G001410,2026-03-21,11474-PMT,13387.85,1010-CASH-CLEARING
G001411,2026-03-21,10301-PMT,1184.78,1010-CASH-CLEARING
G001412,2026-03-21,10095-PMT,3912.13,1010-CASH-CLEARING
G001413,2026-03-21,10313-PMT,1681.63,1010-CASH-CLEARING
G001414,2026-03-21,10443-PMT,4295.03,1010-CASH-CLEARING
G001415,2026-03-21,11352-PMT,4632.21,1010-CASH-CLEARING
G001416,2026-03-21,11124-PMT,1091.25,1010-CASH-CLEARING
G001417,2026-03-21,10478-PMT,7155.94,1010-CASH-CLEARING
G001418,2026-03-21,10357-PMT,567.68,1010-CASH-CLEARING
G001419,2026-03-22,11260-PMT,1411.93,1010-CASH-CLEARING
G001420,2026-03-22,11420-PMT,4643.94,1010-CASH-CLEARING
G001421,2026-03-22,11238-PMT,4775.05,1010-CASH-CLEARING
G001422,2026-03-22,11327-PMT,4933.64,1010-CASH-CLEARING
G001423,2026-03-22,10314-PMT,4351.45,1010-CASH-CLEARING
G001424,2026-03-22,10958-PMT,3357.72,1010-CASH-CLEARING
G001425,2026-03-22,11470-PMT,3739.15,1010-CASH-CLEARING
G001426,2026-03-22,10833-PMT,1638.33,1010-CASH-CLEARING
G001427,2026-03-22,10855-PMT,750.0,1010-CASH-CLEARING
G001428,2026-03-22,11344-PMT,1816.19,1010-CASH-CLEARING
G001429,2026-03-22,10308-PMT,2546.16,1010-CASH-CLEARING
G001430,2026-03-22,10372-PMT,3662.0,1010-CASH-CLEARING
G001431,2026-03-22,10939-PMT,6553.77,1010-CASH-CLEARING
G001432,2026-03-22,10593-PMT,2738.93,1010-CASH-CLEARING
G001433,2026-03-23,11023-PMT,631.65,1010-CASH-CLEARING
G001434,2026-03-23,10127-PMT,2507.65,1010-CASH-CLEARING
G001435,2026-03-23,10397-PMT,3382.74,1010-CASH-CLEARING
G001436,2026-03-23,10283-PMT,2862.58,1010-CASH-CLEARING
G001437,2026-03-23,10143-PMT,2588.05,1010-CASH-CLEARING
G001438,2026-03-23,11052-PMT,3151.31,1010-CASH-CLEARING
G001439,2026-03-23,10209-PMT,9335.37,1010-CASH-CLEARING
G001440,2026-03-23,10773-PMT,1611.33,1010-CASH-CLEARING
G001441,2026-03-23,11417-PMT,1825.61,1010-CASH-CLEARING
G001442,2026-03-23,10368-PMT,3899.22,1010-CASH-CLEARING
G001443,2026-03-23,10160-PMT,1407.14,1010-CASH-CLEARING
G001444,2026-03-23,10129-PMT,3372.31,1010-CASH-CLEARING
G001445,2026-03-23,11024-PMT,4603.01,1010-CASH-CLEARING
G001446,2026-03-23,10345-PMT,1219.43,1010-CASH-CLEARING
G001447,2026-03-23,10414-PMT,3434.56,1010-CASH-CLEARING
G001448,2026-03-23,10087-PMT,3135.33,1010-CASH-CLEARING
G001449,2026-03-23,11126-PMT,14859.41,1010-CASH-CLEARING
G001450,2026-03-24,11065-PMT,3273.2,1010-CASH-CLEARING
G001451,2026-03-24,11207-PMT,2373.1,1010-CASH-CLEARING
G001452,2026-03-24,10731-PMT,1322.25,1010-CASH-CLEARING
G001453,2026-03-24,10509-PMT,3920.25,1010-CASH-CLEARING
G001454,2026-03-24,10505-PMT,2195.01,1010-CASH-CLEARING
G001455,2026-03-24,10249-PMT,3924.58,1010-CASH-CLEARING
G001456,2026-03-24,11364-PMT,3198.38,1010-CASH-CLEARING
G001457,2026-03-24,10766-PMT,4951.72,1010-CASH-CLEARING
G001458,2026-03-24,10436-PMT,16195.26,1010-CASH-CLEARING
G001459,2026-03-24,10029-PMT,1951.41,1010-CASH-CLEARING
G001460,2026-03-24,10765-PMT,1714.28,1010-CASH-CLEARING
G001461,2026-03-25,11227-PMT,4482.13,1010-CASH-CLEARING
G001462,2026-03-25,11152-PMT,4180.27,1010-CASH-CLEARING
G001463,2026-03-25,10399-PMT,5577.3,1010-CASH-CLEARING
G001464,2026-03-25,11154-PMT,12526.95,1010-CASH-CLEARING
G001465,2026-03-25,10243-PMT,7266.43,1010-CASH-CLEARING
G001466,2026-03-25,10691-PMT,4031.52,1010-CASH-CLEARING
G001467,2026-03-26,10393-PMT,500.0,1010-CASH-CLEARING
G001468,2026-03-27,11351-PMT,4439.23,1010-CASH-CLEARING
G001469,2026-03-27,10188-PMT,4799.14,1010-CASH-CLEARING
G001470,2026-04-13,10968-PMT,786.4,1010-CASH-CLEARING
G001471,2026-04-14,10383-PMT,4765.3,1010-CASH-CLEARING
G001472,2026-04-14,10826-PMT,1500.0,1010-CASH-CLEARING
