receipt_id,break_type,note,src,rec_id
R00559,MISSING_IN_GL,GL entry removed,,
R00725,MISSING_IN_GL,GL entry removed,,
R00128,MISSING_IN_GL,GL entry removed,,
R00292,MISSING_IN_GL,GL entry removed,,
R01353,MISSING_IN_GL,GL entry removed,,
R00407,MISSING_IN_GL,GL entry removed,,
R00693,MISSING_IN_GL,GL entry removed,,
R00306,MISSING_IN_GL,GL entry removed,,
R01332,MISSING_IN_GL,GL entry removed,,
R01316,MISSING_IN_GL,GL entry removed,,
R00351,MISSING_IN_GL,GL entry removed,,
R00054,MISSING_IN_GL,GL entry removed,,
R00673,MISSING_IN_GL,GL entry removed,,
R01329,MISSING_IN_GL,GL entry removed,,
R01205,MISSING_IN_GL,GL entry removed,,
R00424,MISSING_IN_GL,GL entry removed,,
R00625,MISSING_IN_GL,GL entry removed,,
R00443,MISSING_IN_GL,GL entry removed,,
R00910,MISSING_IN_GL,GL entry removed,,
R00451,MISSING_IN_GL,GL entry removed,,
R00551,MISSING_IN_GL,GL entry removed,,
R01005,MISSING_IN_GL,GL entry removed,,
R00659,MISSING_IN_GL,GL entry removed,,
R00148,MISSING_IN_GL,GL entry removed,,
R00506,MISSING_IN_GL,GL entry removed,,
R00899,MISSING_IN_SL,AR application removed,,
R01411,MISSING_IN_SL,AR application removed,,
R01117,MISSING_IN_SL,AR application removed,,
R00783,MISSING_IN_SL,AR application removed,,
R00264,MISSING_IN_SL,AR application removed,,
R01414,MISSING_IN_SL,AR application removed,,
R00544,MISSING_IN_SL,AR application removed,,
R01472,MISSING_IN_SL,AR application removed,,
R01372,MISSING_IN_SL,AR application removed,,
R01272,MISSING_IN_SL,AR application removed,,
R00450,MISSING_IN_SL,AR application removed,,
R00790,MISSING_IN_SL,AR application removed,,
R01021,MISSING_IN_BANK,bank credit removed,,
R01291,MISSING_IN_BANK,bank credit removed,,
R01393,MISSING_IN_BANK,bank credit removed,,
R00478,MISSING_IN_BANK,bank credit removed,,
R01406,MISSING_IN_BANK,bank credit removed,,
R01410,MISSING_IN_BANK,bank credit removed,,
R00025,MISSING_IN_BANK,bank credit removed,,
R00380,MISSING_IN_BANK,bank credit removed,,
R01459,MISSING_IN_BANK,bank credit removed,,
R00076,MISSING_IN_BANK,bank credit removed,,
R01382,MISSING_IN_BANK,bank credit removed,,
R00639,MISSING_IN_BANK,bank credit removed,,
R00781,MISSING_IN_BANK,bank credit removed,,
R00609,MISSING_IN_BANK,bank credit removed,,
R00644,MISSING_IN_BANK,bank credit removed,,
R01025,MISSING_IN_BANK,bank credit removed,,
R00305,MISSING_IN_BANK,bank credit removed,,
R00868,MISSING_IN_BANK,bank credit removed,,
R00163,MISSING_IN_BANK,bank credit removed,,
R00754,MISSING_IN_BANK,bank credit removed,,
R01495,BANK_ONLY,AR and GL removed,,
R00433,BANK_ONLY,AR and GL removed,,
R00444,BANK_ONLY,AR and GL removed,,
R00777,BANK_ONLY,AR and GL removed,,
R00358,BANK_ONLY,AR and GL removed,,
R00134,BANK_ONLY,AR and GL removed,,
R01162,BANK_ONLY,AR and GL removed,,
R01335,BANK_ONLY,AR and GL removed,,
R00584,SL_ONLY,bank and GL removed,,
R01235,SL_ONLY,bank and GL removed,,
R01101,SL_ONLY,bank and GL removed,,
R00417,SL_ONLY,bank and GL removed,,
R00924,SL_ONLY,bank and GL removed,,
R00742,GL_ONLY,bank and AR removed,,
R01289,GL_ONLY,bank and AR removed,,
R00510,GL_ONLY,bank and AR removed,,
R00793,GL_ONLY,bank and AR removed,,
R01288,AMOUNT_MISMATCH,sl_amount changed (small short-pay),,
R00946,AMOUNT_MISMATCH,gl_amount changed (small short-pay),,
R00044,AMOUNT_MISMATCH,sl_amount changed (small short-pay),,
R01376,AMOUNT_MISMATCH,gl_amount changed (small short-pay),,
R00642,AMOUNT_MISMATCH,sl_amount changed (small short-pay),,
R01079,AMOUNT_MISMATCH,gl_amount changed (small short-pay),,
R00224,AMOUNT_MISMATCH,sl_amount changed (digit transposition),,
R00402,AMOUNT_MISMATCH,gl_amount changed (partial / over-application),,
R00575,AMOUNT_MISMATCH,sl_amount changed (partial / over-application),,
R00784,AMOUNT_MISMATCH,gl_amount changed (digit transposition),,
R01473,AMOUNT_MISMATCH,sl_amount changed (partial / over-application),,
R00024,AMOUNT_MISMATCH,gl_amount changed (partial / over-application),,
R00359,AMOUNT_MISMATCH,sl_amount changed (digit transposition),,
R00280,AMOUNT_MISMATCH,gl_amount changed (partial / over-application),,
R00434,AMOUNT_MISMATCH,sl_amount changed (partial / over-application),,
R00330,AMOUNT_MISMATCH,gl_amount changed (digit transposition),,
R00699,AMOUNT_MISMATCH,sl_amount changed (partial / over-application),,
R00989,AMOUNT_MISMATCH,gl_amount changed (partial / over-application),,
R01081,TIMING,GL posting lagged 9-28 days,,
R01331,TIMING,GL posting lagged 9-28 days,,
R00250,TIMING,GL posting lagged 9-28 days,,
R00008,TIMING,GL posting lagged 9-28 days,,
R00791,TIMING,GL posting lagged 9-28 days,,
R00084,TIMING,GL posting lagged 9-28 days,,
R00272,TIMING,GL posting lagged 9-28 days,,
R01156,TIMING,GL posting lagged 9-28 days,,
R01175,TIMING,GL posting lagged 9-28 days,,
R01232,TIMING,GL posting lagged 9-28 days,,
R00529,TIMING,GL posting lagged 9-28 days,,
R01435,TIMING,GL posting lagged 9-28 days,,
R01223,TIMING,GL posting lagged 9-28 days,,
R01027,TIMING,GL posting lagged 9-28 days,,
R01049,TIMING,GL posting lagged 9-28 days,,
R00558,TIMING,GL posting lagged 9-28 days,,
R00795,TIMING,GL posting lagged 9-28 days,,
R00572,TIMING,GL posting lagged 9-28 days,,
R00031,TIMING,GL posting lagged 9-28 days,,
R00681,TIMING,GL posting lagged 9-28 days,,
R00634,DUPLICATE_POSTING,second posting of the same receipt,SL,S000298
R00963,DUPLICATE_POSTING,second posting of the same receipt,SL,S000310
R00885,DUPLICATE_POSTING,second posting of the same receipt,SL,S001077
R01280,DUPLICATE_POSTING,second posting of the same receipt,SL,S001094
R00866,DUPLICATE_POSTING,second posting of the same receipt,SL,S001237
R01374,DUPLICATE_POSTING,second posting of the same receipt,SL,S001353
R00286,DUPLICATE_POSTING,second posting of the same receipt,GL,G000237
R01344,DUPLICATE_POSTING,second posting of the same receipt,GL,G000286
R00987,DUPLICATE_POSTING,second posting of the same receipt,GL,G000433
R00392,DUPLICATE_POSTING,second posting of the same receipt,GL,G000537
R00081,DUPLICATE_POSTING,second posting of the same receipt,GL,G000638
R00977,DUPLICATE_POSTING,second posting of the same receipt,GL,G000866
R01397,DUPLICATE_POSTING,second posting of the same receipt,GL,G000970
R01234,DUPLICATE_POSTING,second posting of the same receipt,GL,G000975
R00214,DUPLICATE_POSTING,second posting of the same receipt,GL,G001066
R00476,DUPLICATE_POSTING,second posting of the same receipt,GL,G001293
