tol_amount,tol_days,auto_match_rate,exceptions,recall,precision,false_exceptions,mispaired_clean_units,is_default
0.0,2,0.5695,689,0.9688,0.1858,561,0,False
0.0,5,0.7932,355,0.9688,0.3606,227,0,False
0.0,7,0.7953,352,0.9688,0.3636,224,0,False
0.0,10,0.7953,353,0.9609,0.3598,226,0,False
0.5,2,0.6536,560,1.0,0.2286,432,0,False
0.5,5,0.9064,182,1.0,0.7033,54,0,False
0.5,7,0.9105,176,1.0,0.7273,48,0,False
0.5,10,0.9112,176,0.9844,0.7159,50,0,False
1.0,2,0.678,522,1.0,0.2452,394,0,False
1.0,5,0.9363,136,1.0,0.9412,8,0,False
1.0,7,0.9403,130,1.0,0.9846,2,0,True
1.0,10,0.941,130,0.9844,0.9692,4,0,False
2.0,2,0.678,522,1.0,0.2452,394,0,False
2.0,5,0.9363,136,1.0,0.9412,8,0,False
2.0,7,0.9403,130,1.0,0.9846,2,0,False
2.0,10,0.941,130,0.9844,0.9692,4,0,False
5.0,2,0.6807,518,0.9531,0.2394,394,0,False
5.0,5,0.9403,130,0.9531,0.9385,8,0,False
5.0,7,0.9444,124,0.9531,0.9839,2,0,False
5.0,10,0.9451,124,0.9375,0.9677,4,0,False
